sign,exp,sig,packed_p,sign_p,exp_p,mantissa_p,packed_a,sign_a,exp_a,mantissa_a
0x00,0xe6,0x5721,0x0000,0x00,0x00,0x0000,0x0000,0x00,0x00,0x0000
0x80,0xfa,0x7bc1,0x801f,0x80,0x00,0x001f,0x801f,0x80,0x00,0x001f
0x80,0xea,0x4b0a,0x8000,0x80,0x00,0x0000,0x8000,0x80,0x00,0x0000
0x00,0xe2,0x7b7b,0x0000,0x00,0x00,0x0000,0x0000,0x00,0x00,0x0000
0x80,0xf2,0x7a57,0x8000,0x80,0x00,0x0000,0x8000,0x80,0x00,0x0000
0x00,0xed,0x619a,0x0000,0x00,0x00,0x0000,0x0000,0x00,0x00,0x0000
0x80,0xe9,0x4cdf,0x8000,0x80,0x00,0x0000,0x8000,0x80,0x00,0x0000
0x00,0xf9,0x5c9e,0x000c,0x00,0x00,0x000c,0x000c,0x00,0x00,0x000c
0x80,0xe8,0x6f96,0x8000,0x80,0x00,0x0000,0x8000,0x80,0x00,0x0000
0x80,0xde,0x6956,0x8000,0x80,0x00,0x0000,0x8000,0x80,0x00,0x0000
0x80,0xf7,0x6b2e,0x8003,0x80,0x00,0x0003,0x8003,0x80,0x00,0x0003
0x80,0xf6,0x507f,0x8001,0x80,0x00,0x0001,0x8001,0x80,0x00,0x0001
0x00,0xe0,0x5567,0x0000,0x00,0x00,0x0000,0x0000,0x00,0x00,0x0000
0x80,0xec,0x77a2,0x8000,0x80,0x00,0x0000,0x8000,0x80,0x00,0x0000
0x00,0xf6,0x5e06,0x0001,0x00,0x00,0x0001,0x0001,0x00,0x00,0x0001
0x00,0xe7,0x5eee,0x0000,0x00,0x00,0x0000,0x0000,0x00,0x00,0x0000
0x00,0xf2,0x682b,0x0000,0x00,0x00,0x0000,0x0000,0x00,0x00,0x0000
0x00,0xeb,0x4cd4,0x0000,0x00,0x00,0x0000,0x0000,0x00,0x00,0x0000
0x00,0xee,0x5899,0x0000,0x00,0x00,0x0000,0x0000,0x00,0x00,0x0000
0x00,0xe8,0x4188,0x0000,0x00,0x00,0x0000,0x0000,0x00,0x00,0x0000
0x00,0xef,0x6b49,0x0000,0x00,0x00,0x0000,0x0000,0x00,0x00,0x0000
0x80,0xe7,0x40eb,0x8000,0x80,0x00,0x0000,0x8000,0x80,0x00,0x0000
0x80,0xe0,0x5b98,0x8000,0x80,0x00,0x0000,0x8000,0x80,0x00,0x0000
0x80,0xe8,0x6221,0x8000,0x80,0x00,0x0000,0x8000,0x80,0x00,0x0000
0x80,0xef,0x74a5,0x8000,0x80,0x00,0x0000,0x8000,0x80,0x00,0x0000
0x80,0xe4,0x7437,0x8000,0x80,0x00,0x0000,0x8000,0x80,0x00,0x0000
0x00,0xec,0x748d,0x0000,0x00,0x00,0x0000,0x0000,0x00,0x00,0x0000
0x00,0xf8,0x62e0,0x0006,0x00,0x00,0x0006,0x0006,0x00,0x00,0x0006
0x80,0xe6,0x64f7,0x8000,0x80,0x00,0x0000,0x8000,0x80,0x00,0x0000
0x80,0xe2,0x7a3f,0x8000,0x80,0x00,0x0000,0x8000,0x80,0x00,0x0000
0x80,0xde,0x7936,0x8000,0x80,0x00,0x0000,0x8000,0x80,0x00,0x0000
0x80,0xee,0x5187,0x8000,0x80,0x00,0x0000,0x8000,0x80,0x00,0x0000
0x80,0xfa,0x5191,0x8014,0x80,0x00,0x0014,0x8014,0x80,0x00,0x0014
0x00,0xf8,0x5242,0x0005,0x00,0x00,0x0005,0x0005,0x00,0x00,0x0005
0x80,0xea,0x68c2,0x8000,0x80,0x00,0x0000,0x8000,0x80,0x00,0x0000
0x80,0xdf,0x4821,0x8000,0x80,0x00,0x0000,0x8000,0x80,0x00,0x0000
0x00,0xe3,0x705a,0x0000,0x00,0x00,0x0000,0x0000,0x00,0x00,0x0000
0x00,0xee,0x6e51,0x0000,0x00,0x00,0x0000,0x0000,0x00,0x00,0x0000
0x80,0xe2,0x5d13,0x8000,0x80,0x00,0x0000,0x8000,0x80,0x00,0x0000
0x00,0xfe,0x407f,0x0102,0x00,0x00,0x0102,0x0102,0x00,0x00,0x0102
0x80,0xe2,0x433d,0x8000,0x80,0x00,0x0000,0x8000,0x80,0x00,0x0000
0x00,0xf1,0x736d,0x0000,0x00,0x00,0x0000,0x0000,0x00,0x00,0x0000
0x00,0xf6,0x7271,0x0002,0x00,0x00,0x0002,0x0002,0x00,0x00,0x0002
0x80,0xf5,0x6c25,0x8001,0x80,0x00,0x0001,0x8001,0x80,0x00,0x0001
0x00,0xe1,0x42b4,0x0000,0x00,0x00,0x0000,0x0000,0x00,0x00,0x0000
0x00,0xea,0x64a9,0x0000,0x00,0x00,0x0000,0x0000,0x00,0x00,0x0000
0x00,0xe1,0x4739,0x0000,0x00,0x00,0x0000,0x0000,0x00,0x00,0x0000
0x80,0xe6,0x65fc,0x8000,0x80,0x00,0x0000,0x8000,0x80,0x00,0x0000
0x80,0xf7,0x788b,0x8004,0x80,0x00,0x0004,0x8004,0x80,0x00,0x0004
0x00,0xe7,0x42aa,0x0000,0x00,0x00,0x0000,0x0000,0x00,0x00,0x0000
0x80,0xf5,0x5313,0x8001,0x80,0x00,0x0001,0x8001,0x80,0x00,0x0001
0x00,0xea,0x5603,0x0000,0x00,0x00,0x0000,0x0000,0x00,0x00,0x0000
0x80,0xe5,0x7880,0x8000,0x80,0x00,0x0000,0x8000,0x80,0x00,0x0000
0x80,0xdf,0x4ebe,0x8000,0x80,0x00,0x0000,0x8000,0x80,0x00,0x0000
0x00,0xe3,0x7a82,0x0000,0x00,0x00,0x0000,0x0000,0x00,0x00,0x0000
0x80,0xf3,0x7bf6,0x8000,0x80,0x00,0x0000,0x8000,0x80,0x00,0x0000
0x00,0xe0,0x5285,0x0000,0x00,0x00,0x0000,0x0000,0x00,0x00,0x0000
0x00,0xff,0x5da5,0x02ed,0x00,0x00,0x02ed,0x02ed,0x00,0x00,0x02ed
0x80,0xe3,0x5bf9,0x8000,0x80,0x00,0x0000,0x8000,0x80,0x00,0x0000
0x00,0xf2,0x5811,0x0000,0x00,0x00,0x0000,0x0000,0x00,0x00,0x0000
0x00,0xef,0x4c2d,0x0000,0x00,0x00,0x0000,0x0000,0x00,0x00,0x0000
0x80,0xff,0x4754,0x823b,0x80,0x00,0x023b,0x823b,0x80,0x00,0x023b
0x00,0xef,0x7b12,0x0000,0x00,0x00,0x0000,0x0000,0x00,0x00,0x0000
0x80,0xef,0x5ab3,0x8000,0x80,0x00,0x0000,0x8000,0x80,0x00,0x0000
0x80,0xdf,0x6d7a,0x8000,0x80,0x00,0x0000,0x8000,0x80,0x00,0x0000
0x80,0xe2,0x5a05,0x8000,0x80,0x00,0x0000,0x8000,0x80,0x00,0x0000
0x80,0xfc,0x49d6,0x804a,0x80,0x00,0x004a,0x804a,0x80,0x00,0x004a
0x00,0xfb,0x7b7d,0x003e,0x00,0x00,0x003e,0x003e,0x00,0x00,0x003e
0x80,0xff,0x708c,0x8384,0x80,0x00,0x0384,0x8384,0x80,0x00,0x0384
0x80,0xe2,0x5b6a,0x8000,0x80,0x00,0x0000,0x8000,0x80,0x00,0x0000
0x80,0xe5,0x5d6c,0x8000,0x80,0x00,0x0000,0x8000,0x80,0x00,0x0000
0x00,0xf3,0x6e67,0x0000,0x00,0x00,0x0000,0x0000,0x00,0x00,0x0000
0x00,0xef,0x6a0d,0x0000,0x00,0x00,0x0000,0x0000,0x00,0x00,0x0000
0x00,0xe4,0x60b7,0x0000,0x00,0x00,0x0000,0x0000,0x00,0x00,0x0000
0x00,0xe7,0x6eca,0x0000,0x00,0x00,0x0000,0x0000,0x00,0x00,0x0000
0x00,0xe4,0x4d88,0x0000,0x00,0x00,0x0000,0x0000,0x00,0x00,0x0000
0x80,0xde,0x7e58,0x8000,0x80,0x00,0x0000,0x8000,0x80,0x00,0x0000
0x80,0xee,0x5886,0x8000,0x80,0x00,0x0000,0x8000,0x80,0x00,0x0000
0x80,0xfe,0x55b4,0x8157,0x80,0x00,0x0157,0x8157,0x80,0x00,0x0157
0x80,0xf4,0x56b8,0x8000,0x80,0x00,0x0000,0x8000,0x80,0x00,0x0000
0x00,0xec,0x7016,0x0000,0x00,0x00,0x0000,0x0000,0x00,0x00,0x0000
0x80,0xfa,0x447a,0x8011,0x80,0x00,0x0011,0x8011,0x80,0x00,0x0011
0x00,0xf4,0x4fcf,0x0000,0x00,0x00,0x0000,0x0000,0x00,0x00,0x0000
0x00,0xde,0x5007,0x0000,0x00,0x00,0x0000,0x0000,0x00,0x00,0x0000
0x00,0xfa,0x7ea9,0x0020,0x00,0x00,0x0020,0x0020,0x00,0x00,0x0020
0x00,0xde,0x7fdf,0x0000,0x00,0x00,0x0000,0x0000,0x00,0x00,0x0000
0x00,0xeb,0x40ba,0x0000,0x00,0x00,0x0000,0x0000,0x00,0x00,0x0000
0x00,0xe7,0x411d,0x0000,0x00,0x00,0x0000,0x0000,0x00,0x00,0x0000
0x00,0xf8,0x552d,0x0005,0x00,0x00,0x0005,0x0005,0x00,0x00,0x0005
0x00,0xfc,0x7abc,0x007b,0x00,0x00,0x007b,0x007b,0x00,0x00,0x007b
0x00,0xf9,0x6a18,0x000d,0x00,0x00,0x000d,0x000d,0x00,0x00,0x000d
0x80,0xf8,0x4693,0x8004,0x80,0x00,0x0004,0x8004,0x80,0x00,0x0004
0x80,0xf5,0x7d64,0x8001,0x80,0x00,0x0001,0x8001,0x80,0x00,0x0001
0x00,0xe3,0x7048,0x0000,0x00,0x00,0x0000,0x0000,0x00,0x00,0x0000
0x00,0xea,0x6d72,0x0000,0x00,0x00,0x0000,0x0000,0x00,0x00,0x0000
0x80,0xf4,0x6967,0x8000,0x80,0x00,0x0000,0x8000,0x80,0x00,0x0000
0x00,0xdf,0x742f,0x0000,0x00,0x00,0x0000,0x0000,0x00,0x00,0x0000
0x80,0xf9,0x5aa7,0x800b,0x80,0x00,0x000b,0x800b,0x80,0x00,0x000b
0x80,0xfe,0x6feb,0x81c0,0x80,0x00,0x01c0,0x81c0,0x80,0x00,0x01c0
0x80,0xe1,0x7d9f,0x8000,0x80,0x00,0x0000,0x8000,0x80,0x00,0x0000
0x00,0xea,0x5cef,0x0000,0x00,0x00,0x0000,0x0000,0x00,0x00,0x0000
0x80,0xef,0x5aae,0x8000,0x80,0x00,0x0000,0x8000,0x80,0x00,0x0000
0x80,0xea,0x5e1e,0x8000,0x80,0x00,0x0000,0x8000,0x80,0x00,0x0000
0x00,0xfd,0x78db,0x00f2,0x00,0x00,0x00f2,0x00f2,0x00,0x00,0x00f2
0x00,0xee,0x6dc4,0x0000,0x00,0x00,0x0000,0x0000,0x00,0x00,0x0000
0x00,0xe5,0x5c0f,0x0000,0x00,0x00,0x0000,0x0000,0x00,0x00,0x0000
0x00,0xf8,0x5f96,0x0006,0x00,0x00,0x0006,0x0006,0x00,0x00,0x0006
0x80,0xec,0x78df,0x8000,0x80,0x00,0x0000,0x8000,0x80,0x00,0x0000
0x00,0xef,0x45a9,0x0000,0x00,0x00,0x0000,0x0000,0x00,0x00,0x0000
0x80,0xe2,0x71f9,0x8000,0x80,0x00,0x0000,0x8000,0x80,0x00,0x0000
0x80,0xe0,0x4dc0,0x8000,0x80,0x00,0x0000,0x8000,0x80,0x00,0x0000
0x80,0xf5,0x7588,0x8001,0x80,0x00,0x0001,0x8001,0x80,0x00,0x0001
0x00,0xec,0x64dd,0x0000,0x00,0x00,0x0000,0x0000,0x00,0x00,0x0000
0x80,0xe8,0x60b2,0x8000,0x80,0x00,0x0000,0x8000,0x80,0x00,0x0000
0x00,0xfc,0x6db8,0x006e,0x00,0x00,0x006e,0x006e,0x00,0x00,0x006e
0x80,0xff,0x7085,0x8384,0x80,0x00,0x0384,0x8384,0x80,0x00,0x0384
0x00,0xdd,0x6385,0x0000,0x00,0x00,0x0000,0x0000,0x00,0x00,0x0000
0x00,0xfc,0x6203,0x0062,0x00,0x00,0x0062,0x0062,0x00,0x00,0x0062
0x00,0xf1,0x6d18,0x0000,0x00,0x00,0x0000,0x0000,0x00,0x00,0x0000
0x00,0xdd,0x7412,0x0000,0x00,0x00,0x0000,0x0000,0x00,0x00,0x0000
0x00,0xf5,0x4abe,0x0001,0x00,0x00,0x0001,0x0001,0x00,0x00,0x0001
0x00,0xe8,0x775d,0x0000,0x00,0x00,0x0000,0x0000,0x00,0x00,0x0000
0x80,0xfa,0x65e5,0x8019,0x80,0x00,0x0019,0x8019,0x80,0x00,0x0019
0x80,0xe6,0x5a59,0x8000,0x80,0x00,0x0000,0x8000,0x80,0x00,0x0000
0x80,0xf7,0x42c2,0x8002,0x80,0x00,0x0002,0x8002,0x80,0x00,0x0002
0x80,0xde,0x4874,0x8000,0x80,0x00,0x0000,0x8000,0x80,0x00,0x0000
0x00,0xe6,0x7083,0x0000,0x00,0x00,0x0000,0x0000,0x00,0x00,0x0000
0x00,0xe3,0x678a,0x0000,0x00,0x00,0x0000,0x0000,0x00,0x00,0x0000
0x80,0xf1,0x74e0,0x8000,0x80,0x00,0x0000,0x8000,0x80,0x00,0x0000
0x00,0xe7,0x618c,0x0000,0x00,0x00,0x0000,0x0000,0x00,0x00,0x0000
0x80,0xe5,0x70a9,0x8000,0x80,0x00,0x0000,0x8000,0x80,0x00,0x0000
0x00,0xe0,0x50ab,0x0000,0x00,0x00,0x0000,0x0000,0x00,0x00,0x0000
0x00,0xfe,0x6b66,0x01ae,0x00,0x00,0x01ae,0x01ae,0x00,0x00,0x01ae
0x80,0xf5,0x5bee,0x8001,0x80,0x00,0x0001,0x8001,0x80,0x00,0x0001
0x00,0xe2,0x6bf9,0x0000,0x00,0x00,0x0000,0x0000,0x00,0x00,0x0000
0x00,0xde,0x42d1,0x0000,0x00,0x00,0x0000,0x0000,0x00,0x00,0x0000
0x80,0xf9,0x46f3,0x8009,0x80,0x00,0x0009,0x8009,0x80,0x00,0x0009
0x80,0xfe,0x726e,0x81ca,0x80,0x00,0x01ca,0x81ca,0x80,0x00,0x01ca
0x80,0xe8,0x78fc,0x8000,0x80,0x00,0x0000,0x8000,0x80,0x00,0x0000
0x00,0xec,0x7d0c,0x0000,0x00,0x00,0x0000,0x0000,0x00,0x00,0x0000
0x80,0xfd,0x7751,0x80ef,0x80,0x00,0x00ef,0x80ef,0x80,0x00,0x00ef
0x80,0xf2,0x5c55,0x8000,0x80,0x00,0x0000,0x8000,0x80,0x00,0x0000
0x00,0xf8,0x56c2,0x0005,0x00,0x00,0x0005,0x0005,0x00,0x00,0x0005
0x80,0xde,0x4515,0x8000,0x80,0x00,0x0000,0x8000,0x80,0x00,0x0000
0x00,0xf6,0x7f10,0x0002,0x00,0x00,0x0002,0x0002,0x00,0x00,0x0002
0x00,0xf8,0x4da0,0x0005,0x00,0x00,0x0005,0x0005,0x00,0x00,0x0005
0x00,0xf9,0x6666,0x000d,0x00,0x00,0x000d,0x000d,0x00,0x00,0x000d
0x00,0xfa,0x5018,0x0014,0x00,0x00,0x0014,0x0014,0x00,0x00,0x0014
0x80,0xeb,0x5452,0x8000,0x80,0x00,0x0000,0x8000,0x80,0x00,0x0000
0x80,0xf2,0x7aa5,0x8000,0x80,0x00,0x0000,0x8000,0x80,0x00,0x0000
0x80,0xe7,0x6a8a,0x8000,0x80,0x00,0x0000,0x8000,0x80,0x00,0x0000
0x80,0xe6,0x45a1,0x8000,0x80,0x00,0x0000,0x8000,0x80,0x00,0x0000
0x80,0xe2,0x4197,0x8000,0x80,0x00,0x0000,0x8000,0x80,0x00,0x0000
0x00,0xe1,0x7b75,0x0000,0x00,0x00,0x0000,0x0000,0x00,0x00,0x0000
0x00,0xe6,0x5ce0,0x0000,0x00,0x00,0x0000,0x0000,0x00,0x00,0x0000
0x80,0xec,0x67c0,0x8000,0x80,0x00,0x0000,0x8000,0x80,0x00,0x0000
0x80,0xf7,0x749e,0x8004,0x80,0x00,0x0004,0x8004,0x80,0x00,0x0004
0x00,0xf0,0x4294,0x0000,0x00,0x00,0x0000,0x0000,0x00,0x00,0x0000
0x00,0xde,0x7dbb,0x0000,0x00,0x00,0x0000,0x0000,0x00,0x00,0x0000
0x00,0xfb,0x4087,0x0020,0x00,0x00,0x0020,0x0020,0x00,0x00,0x0020
0x00,0xe8,0x417d,0x0000,0x00,0x00,0x0000,0x0000,0x00,0x00,0x0000
0x80,0xea,0x6d72,0x8000,0x80,0x00,0x0000,0x8000,0x80,0x00,0x0000
0x00,0xe5,0x543d,0x0000,0x00,0x00,0x0000,0x0000,0x00,0x00,0x0000
0x80,0xe0,0x6ef1,0x8000,0x80,0x00,0x0000,0x8000,0x80,0x00,0x0000
0x00,0xfb,0x5f48,0x0030,0x00,0x00,0x0030,0x0030,0x00,0x00,0x0030
0x00,0xfd,0x4240,0x0084,0x00,0x00,0x0084,0x0084,0x00,0x00,0x0084
0x80,0xf8,0x5b74,0x8006,0x80,0x00,0x0006,0x8006,0x80,0x00,0x0006
0x80,0xf6,0x5691,0x8001,0x80,0x00,0x0001,0x8001,0x80,0x00,0x0001
0x00,0xe3,0x61be,0x0000,0x00,0x00,0x0000,0x0000,0x00,0x00,0x0000
0x00,0xee,0x6f7a,0x0000,0x00,0x00,0x0000,0x0000,0x00,0x00,0x0000
0x00,0xf4,0x5089,0x0000,0x00,0x00,0x0000,0x0000,0x00,0x00,0x0000
0x00,0xf2,0x76bc,0x0000,0x00,0x00,0x0000,0x0000,0x00,0x00,0x0000
0x00,0xe1,0x4a4f,0x0000,0x00,0x00,0x0000,0x0000,0x00,0x00,0x0000
0x00,0xeb,0x7c85,0x0000,0x00,0x00,0x0000,0x0000,0x00,0x00,0x0000
0x80,0xeb,0x6f0a,0x8000,0x80,0x00,0x0000,0x8000,0x80,0x00,0x0000
0x80,0xf2,0x6d6f,0x8000,0x80,0x00,0x0000,0x8000,0x80,0x00,0x0000
0x00,0xf2,0x7ec3,0x0000,0x00,0x00,0x0000,0x0000,0x00,0x00,0x0000
0x80,0xf7,0x7ca8,0x8004,0x80,0x00,0x0004,0x8004,0x80,0x00,0x0004
0x80,0xeb,0x7b46,0x8000,0x80,0x00,0x0000,0x8000,0x80,0x00,0x0000
0x00,0xeb,0x5478,0x0000,0x00,0x00,0x0000,0x0000,0x00,0x00,0x0000
0x80,0xea,0x7f5a,0x8000,0x80,0x00,0x0000,0x8000,0x80,0x00,0x0000
0x80,0xf2,0x6af2,0x8000,0x80,0x00,0x0000,0x8000,0x80,0x00,0x0000
0x00,0xe0,0x403d,0x0000,0x00,0x00,0x0000,0x0000,0x00,0x00,0x0000
0x00,0xec,0x767b,0x0000,0x00,0x00,0x0000,0x0000,0x00,0x00,0x0000
0x80,0xf7,0x6d42,0x8003,0x80,0x00,0x0003,0x8003,0x80,0x00,0x0003
0x00,0xdd,0x4e3e,0x0000,0x00,0x00,0x0000,0x0000,0x00,0x00,0x0000
0x00,0xeb,0x581b,0x0000,0x00,0x00,0x0000,0x0000,0x00,0x00,0x0000
0x00,0xed,0x56a7,0x0000,0x00,0x00,0x0000,0x0000,0x00,0x00,0x0000
0x80,0xdd,0x51e3,0x8000,0x80,0x00,0x0000,0x8000,0x80,0x00,0x0000
0x80,0xf8,0x5c36,0x8006,0x80,0x00,0x0006,0x8006,0x80,0x00,0x0006
0x80,0xff,0x5055,0x8283,0x80,0x00,0x0283,0x8283,0x80,0x00,0x0283
0x00,0xf4,0x51f9,0x0000,0x00,0x00,0x0000,0x0000,0x00,0x00,0x0000
0x00,0xf6,0x5c2a,0x0001,0x00,0x00,0x0001,0x0001,0x00,0x00,0x0001
0x00,0xde,0x71ba,0x0000,0x00,0x00,0x0000,0x0000,0x00,0x00,0x0000
0x80,0xf2,0x40d3,0x8000,0x80,0x00,0x0000,0x8000,0x80,0x00,0x0000
0x00,0xff,0x7a07,0x03d0,0x00,0x00,0x03d0,0x03d0,0x00,0x00,0x03d0
0x80,0xf7,0x5ea7,0x8003,0x80,0x00,0x0003,0x8003,0x80,0x00,0x0003
0x80,0xe8,0x7fe7,0x8000,0x80,0x00,0x0000,0x8000,0x80,0x00,0x0000
0x80,0xf4,0x72ea,0x8000,0x80,0x00,0x0000,0x8000,0x80,0x00,0x0000
0x80,0xe6,0x50c0,0x8000,0x80,0x00,0x0000,0x8000,0x80,0x00,0x0000
0x80,0xe5,0x6faa,0x8000,0x80,0x00,0x0000,0x8000,0x80,0x00,0x0000
0x00,0xe2,0x5ab1,0x0000,0x00,0x00,0x0000,0x0000,0x00,0x00,0x0000
0x00,0xe6,0x6968,0x0000,0x00,0x00,0x0000,0x0000,0x00,0x00,0x0000
0x80,0xec,0x6906,0x8000,0x80,0x00,0x0000,0x8000,0x80,0x00,0x0000
0x00,0xdf,0x6ab5,0x0000,0x00,0x00,0x0000,0x0000,0x00,0x00,0x0000
0x80,0xf2,0x6b3c,0x8000,0x80,0x00,0x0000,0x8000,0x80,0x00,0x0000
0x80,0xec,0x5110,0x8000,0x80,0x00,0x0000,0x8000,0x80,0x00,0x0000
0x00,0xe5,0x6be0,0x0000,0x00,0x00,0x0000,0x0000,0x00,0x00,0x0000
0x00,0xf3,0x71f9,0x0000,0x00,0x00,0x0000,0x0000,0x00,0x00,0x0000
0x00,0xe0,0x6559,0x0000,0x00,0x00,0x0000,0x0000,0x00,0x00,0x0000
0x00,0xeb,0x5bb0,0x0000,0x00,0x00,0x0000,0x0000,0x00,0x00,0x0000
0x00,0xf6,0x736a,0x0002,0x00,0x00,0x0002,0x0002,0x00,0x00,0x0002
0x80,0xe9,0x552a,0x8000,0x80,0x00,0x0000,0x8000,0x80,0x00,0x0000
0x00,0xef,0x6612,0x0000,0x00,0x00,0x0000,0x0000,0x00,0x00,0x0000
0x80,0xec,0x4ae4,0x8000,0x80,0x00,0x0000,0x8000,0x80,0x00,0x0000
0x80,0xeb,0x72f8,0x8000,0x80,0x00,0x0000,0x8000,0x80,0x00,0x0000
0x00,0xdf,0x558c,0x0000,0x00,0x00,0x0000,0x0000,0x00,0x00,0x0000
0x80,0xfc,0x706e,0x8070,0x80,0x00,0x0070,0x8070,0x80,0x00,0x0070
0x80,0xe3,0x6ff8,0x8000,0x80,0x00,0x0000,0x8000,0x80,0x00,0x0000
0x00,0xe9,0x598e,0x0000,0x00,0x00,0x0000,0x0000,0x00,0x00,0x0000
0x00,0xf2,0x7a10,0x0000,0x00,0x00,0x0000,0x0000,0x00,0x00,0x0000
0x00,0xf0,0x54c6,0x0000,0x00,0x00,0x0000,0x0000,0x00,0x00,0x0000
0x00,0xe3,0x643a,0x0000,0x00,0x00,0x0000,0x0000,0x00,0x00,0x0000
0x80,0xe9,0x4848,0x8000,0x80,0x00,0x0000,0x8000,0x80,0x00,0x0000
0x80,0xe4,0x4663,0x8000,0x80,0x00,0x0000,0x8000,0x80,0x00,0x0000
0x00,0xf9,0x432f,0x0008,0x00,0x00,0x0008,0x0008,0x00,0x00,0x0008
0x80,0xfd,0x55b1,0x80ab,0x80,0x00,0x00ab,0x80ab,0x80,0x00,0x00ab
0x80,0xe4,0x7d06,0x8000,0x80,0x00,0x0000,0x8000,0x80,0x00,0x0000
0x80,0xee,0x5203,0x8000,0x80,0x00,0x0000,0x8000,0x80,0x00,0x0000
0x80,0xee,0x5181,0x8000,0x80,0x00,0x0000,0x8000,0x80,0x00,0x0000
0x80,0xe6,0x5231,0x8000,0x80,0x00,0x0000,0x8000,0x80,0x00,0x0000
0x80,0xf4,0x7c25,0x8000,0x80,0x00,0x0000,0x8000,0x80,0x00,0x0000
0x80,0xdf,0x495d,0x8000,0x80,0x00,0x0000,0x8000,0x80,0x00,0x0000
0x00,0xf1,0x7608,0x0000,0x00,0x00,0x0000,0x0000,0x00,0x00,0x0000
0x80,0xed,0x7232,0x8000,0x80,0x00,0x0000,0x8000,0x80,0x00,0x0000
0x00,0xe5,0x72fd,0x0000,0x00,0x00,0x0000,0x0000,0x00,0x00,0x0000
0x80,0xdd,0x67c3,0x8000,0x80,0x00,0x0000,0x8000,0x80,0x00,0x0000
0x00,0xe0,0x4004,0x0000,0x00,0x00,0x0000,0x0000,0x00,0x00,0x0000
0x00,0xf2,0x7b77,0x0000,0x00,0x00,0x0000,0x0000,0x00,0x00,0x0000
0x00,0xfb,0x4adc,0x0025,0x00,0x00,0x0025,0x0025,0x00,0x00,0x0025
0x80,0xdd,0x49f0,0x8000,0x80,0x00,0x0000,0x8000,0x80,0x00,0x0000
0x80,0xed,0x4dc5,0x8000,0x80,0x00,0x0000,0x8000,0x80,0x00,0x0000
0x00,0xfc,0x7a13,0x007a,0x00,0x00,0x007a,0x007a,0x00,0x00,0x007a
0x00,0xe7,0x4f59,0x0000,0x00,0x00,0x0000,0x0000,0x00,0x00,0x0000
0x00,0xf8,0x47fa,0x0004,0x00,0x00,0x0004,0x0004,0x00,0x00,0x0004
0x80,0xf4,0x645b,0x8000,0x80,0x00,0x0000,0x8000,0x80,0x00,0x0000
0x00,0xef,0x76ea,0x0000,0x00,0x00,0x0000,0x0000,0x00,0x00,0x0000
0x80,0xfd,0x5d6a,0x80bb,0x80,0x00,0x00bb,0x80bb,0x80,0x00,0x00bb
0x00,0xee,0x7e1a,0x0000,0x00,0x00,0x0000,0x0000,0x00,0x00,0x0000
0x80,0xed,0x599f,0x8000,0x80,0x00,0x0000,0x8000,0x80,0x00,0x0000
0x00,0xfa,0x4c1c,0x0013,0x00,0x00,0x0013,0x0013,0x00,0x00,0x0013
0x00,0xf8,0x63fc,0x0006,0x00,0x00,0x0006,0x0006,0x00,0x00,0x0006
0x80,0xfa,0x73fc,0x801d,0x80,0x00,0x001d,0x801d,0x80,0x00,0x001d
0x00,0xf6,0x5add,0x0001,0x00,0x00,0x0001,0x0001,0x00,0x00,0x0001
0x00,0xf1,0x5b1e,0x0000,0x00,0x00,0x0000,0x0000,0x00,0x00,0x0000
0x00,0xfd,0x4712,0x008e,0x00,0x00,0x008e,0x008e,0x00,0x00,0x008e
0x80,0xef,0x7dd6,0x8000,0x80,0x00,0x0000,0x8000,0x80,0x00,0x0000
0x80,0xe4,0x40bb,0x8000,0x80,0x00,0x0000,0x8000,0x80,0x00,0x0000
0x80,0xea,0x6d73,0x8000,0x80,0x00,0x0000,0x8000,0x80,0x00,0x0000
0x00,0xef,0x793b,0x0000,0x00,0x00,0x0000,0x0000,0x00,0x00,0x0000
0x80,0xe2,0x60f6,0x8000,0x80,0x00,0x0000,0x8000,0x80,0x00,0x0000
0x00,0xf8,0x70b0,0x0007,0x00,0x00,0x0007,0x0007,0x00,0x00,0x0007
0x00,0xfb,0x53c3,0x002a,0x00,0x00,0x002a,0x002a,0x00,0x00,0x002a
0x80,0xec,0x4a3b,0x8000,0x80,0x00,0x0000,0x8000,0x80,0x00,0x0000
0x00,0xdf,0x725f,0x0000,0x00,0x00,0x0000,0x0000,0x00,0x00,0x0000
0x80,0xee,0x5f35,0x8000,0x80,0x00,0x0000,0x8000,0x80,0x00,0x0000
0x00,0xef,0x4695,0x0000,0x00,0x00,0x0000,0x0000,0x00,0x00,0x0000
0x80,0xf5,0x687d,0x8001,0x80,0x00,0x0001,0x8001,0x80,0x00,0x0001
0x80,0xe1,0x4de4,0x8000,0x80,0x00,0x0000,0x8000,0x80,0x00,0x0000
0x00,0xf4,0x7872,0x0000,0x00,0x00,0x0000,0x0000,0x00,0x00,0x0000
0x80,0xee,0x56ad,0x8000,0x80,0x00,0x0000,0x8000,0x80,0x00,0x0000
0x80,0xf5,0x645e,0x8001,0x80,0x00,0x0001,0x8001,0x80,0x00,0x0001
0x00,0xf4,0x7350,0x0000,0x00,0x00,0x0000,0x0000,0x00,0x00,0x0000
0x00,0xf4,0x49a6,0x0000,0x00,0x00,0x0000,0x0000,0x00,0x00,0x0000
0x80,0xe7,0x5b68,0x8000,0x80,0x00,0x0000,0x8000,0x80,0x00,0x0000
0x00,0xf4,0x7cbe,0x0000,0x00,0x00,0x0000,0x0000,0x00,0x00,0x0000
0x00,0xea,0x6cc4,0x0000,0x00,0x00,0x0000,0x0000,0x00,0x00,0x0000
0x80,0xf9,0x583a,0x800b,0x80,0x00,0x000b,0x800b,0x80,0x00,0x000b
0x80,0xfe,0x4f99,0x813e,0x80,0x00,0x013e,0x813e,0x80,0x00,0x013e
0x00,0xdf,0x6c1f,0x0000,0x00,0x00,0x0000,0x0000,0x00,0x00,0x0000
0x80,0xee,0x6f8d,0x8000,0x80,0x00,0x0000,0x8000,0x80,0x00,0x0000
0x80,0xf8,0x5d5b,0x8006,0x80,0x00,0x0006,0x8006,0x80,0x00,0x0006
0x00,0xfb,0x57cf,0x002c,0x00,0x00,0x002c,0x002c,0x00,0x00,0x002c
0x80,0xe7,0x7d53,0x8000,0x80,0x00,0x0000,0x8000,0x80,0x00,0x0000
0x80,0xf2,0x7e88,0x8000,0x80,0x00,0x0000,0x8000,0x80,0x00,0x0000
0x00,0xe9,0x61f8,0x0000,0x00,0x00,0x0000,0x0000,0x00,0x00,0x0000
0x80,0xe1,0x6129,0x8000,0x80,0x00,0x0000,0x8000,0x80,0x00,0x0000
0x00,0xdf,0x7d3a,0x0000,0x00,0x00,0x0000,0x0000,0x00,0x00,0x0000
0x80,0xe0,0x467f,0x8000,0x80,0x00,0x0000,0x8000,0x80,0x00,0x0000
0x00,0xe1,0x416a,0x0000,0x00,0x00,0x0000,0x0000,0x00,0x00,0x0000
0x00,0xde,0x780a,0x0000,0x00,0x00,0x0000,0x0000,0x00,0x00,0x0000
0x80,0xe7,0x68f7,0x8000,0x80,0x00,0x0000,0x8000,0x80,0x00,0x0000
0x80,0xf7,0x71ee,0x8004,0x80,0x00,0x0004,0x8004,0x80,0x00,0x0004
0x80,0xec,0x51b6,0x8000,0x80,0x00,0x0000,0x8000,0x80,0x00,0x0000
0x80,0xe1,0x57ea,0x8000,0x80,0x00,0x0000,0x8000,0x80,0x00,0x0000
0x00,0xf8,0x4023,0x0004,0x00,0x00,0x0004,0x0004,0x00,0x00,0x0004
0x00,0xfe,0x647a,0x0192,0x00,0x00,0x0192,0x0192,0x00,0x00,0x0192
0x80,0xdf,0x4d0d,0x8000,0x80,0x00,0x0000,0x8000,0x80,0x00,0x0000
0x00,0xea,0x61b7,0x0000,0x00,0x00,0x0000,0x0000,0x00,0x00,0x0000
0x80,0xfe,0x7a77,0x81ea,0x80,0x00,0x01ea,0x81ea,0x80,0x00,0x01ea
0x00,0xe4,0x6196,0x0000,0x00,0x00,0x0000,0x0000,0x00,0x00,0x0000
0x80,0xfb,0x7b09,0x803e,0x80,0x00,0x003e,0x803e,0x80,0x00,0x003e
0x80,0xe0,0x7d7c,0x8000,0x80,0x00,0x0000,0x8000,0x80,0x00,0x0000
0x80,0xed,0x5ae7,0x8000,0x80,0x00,0x0000,0x8000,0x80,0x00,0x0000
0x80,0xdd,0x7b73,0x8000,0x80,0x00,0x0000,0x8000,0x80,0x00,0x0000
0x80,0xe3,0x5893,0x8000,0x80,0x00,0x0000,0x8000,0x80,0x00,0x0000
0x00,0xf5,0x61f4,0x0001,0x00,0x00,0x0001,0x0001,0x00,0x00,0x0001
0x00,0xe5,0x6dd7,0x0000,0x00,0x00,0x0000,0x0000,0x00,0x00,0x0000
0x80,0xe5,0x5209,0x8000,0x80,0x00,0x0000,0x8000,0x80,0x00,0x0000
0x80,0xf0,0x74d9,0x8000,0x80,0x00,0x0000,0x8000,0x80,0x00,0x0000
0x00,0xf8,0x5bbe,0x0006,0x00,0x00,0x0006,0x0006,0x00,0x00,0x0006
0x00,0xed,0x753a,0x0000,0x00,0x00,0x0000,0x0000,0x00,0x00,0x0000
0x00,0xfe,0x6530,0x0195,0x00,0x00,0x0195,0x0195,0x00,0x00,0x0195
0x80,0xee,0x7a49,0x8000,0x80,0x00,0x0000,0x8000,0x80,0x00,0x0000
0x00,0xe7,0x45e5,0x0000,0x00,0x00,0x0000,0x0000,0x00,0x00,0x0000
0x00,0xfe,0x79f9,0x01e8,0x00,0x00,0x01e8,0x01e8,0x00,0x00,0x01e8
0x80,0xde,0x5d6c,0x8000,0x80,0x00,0x0000,0x8000,0x80,0x00,0x0000
0x80,0xf5,0x6d06,0x8001,0x80,0x00,0x0001,0x8001,0x80,0x00,0x0001
0x80,0xf3,0x6847,0x8000,0x80,0x00,0x0000,0x8000,0x80,0x00,0x0000
0x00,0xfc,0x6c56,0x006c,0x00,0x00,0x006c,0x006c,0x00,0x00,0x006c
0x80,0xdd,0x5dfb,0x8000,0x80,0x00,0x0000,0x8000,0x80,0x00,0x0000
0x80,0xf5,0x4213,0x8001,0x80,0x00,0x0001,0x8000,0x80,0x00,0x0000
0x00,0xfa,0x6683,0x001a,0x00,0x00,0x001a,0x001a,0x00,0x00,0x001a
0x00,0xf9,0x660f,0x000d,0x00,0x00,0x000d,0x000d,0x00,0x00,0x000d
0x00,0xf5,0x450e,0x0001,0x00,0x00,0x0001,0x0001,0x00,0x00,0x0001
0x80,0xff,0x6ac5,0x8356,0x80,0x00,0x0356,0x8356,0x80,0x00,0x0356
0x00,0xe7,0x7c13,0x0000,0x00,0x00,0x0000,0x0000,0x00,0x00,0x0000
0x00,0xfb,0x7f2d,0x0040,0x00,0x00,0x0040,0x0040,0x00,0x00,0x0040
0x00,0xf5,0x769e,0x0001,0x00,0x00,0x0001,0x0001,0x00,0x00,0x0001
0x00,0xf6,0x4f8e,0x0001,0x00,0x00,0x0001,0x0001,0x00,0x00,0x0001
0x00,0xe0,0x5819,0x0000,0x00,0x00,0x0000,0x0000,0x00,0x00,0x0000
0x80,0xf0,0x4e95,0x8000,0x80,0x00,0x0000,0x8000,0x80,0x00,0x0000
0x00,0xf7,0x739c,0x0004,0x00,0x00,0x0004,0x0004,0x00,0x00,0x0004
0x00,0xfa,0x7d09,0x001f,0x00,0x00,0x001f,0x001f,0x00,0x00,0x001f
0x80,0xe0,0x46ef,0x8000,0x80,0x00,0x0000,0x8000,0x80,0x00,0x0000
0x00,0xdd,0x76da,0x0000,0x00,0x00,0x0000,0x0000,0x00,0x00,0x0000
0x80,0xf7,0x4312,0x8002,0x80,0x00,0x0002,0x8002,0x80,0x00,0x0002
0x00,0xf7,0x6e8f,0x0003,0x00,0x00,0x0003,0x0003,0x00,0x00,0x0003
0x00,0xe5,0x632c,0x0000,0x00,0x00,0x0000,0x0000,0x00,0x00,0x0000
0x80,0xe8,0x6e63,0x8000,0x80,0x00,0x0000,0x8000,0x80,0x00,0x0000
0x80,0xf8,0x447e,0x8004,0x80,0x00,0x0004,0x8004,0x80,0x00,0x0004
0x00,0xfe,0x594a,0x0165,0x00,0x00,0x0165,0x0165,0x00,0x00,0x0165
0x00,0xfb,0x68df,0x0034,0x00,0x00,0x0034,0x0034,0x00,0x00,0x0034
0x00,0xf3,0x7f17,0x0000,0x00,0x00,0x0000,0x0000,0x00,0x00,0x0000
0x80,0xe9,0x5ec6,0x8000,0x80,0x00,0x0000,0x8000,0x80,0x00,0x0000
0x80,0xf7,0x52d5,0x8003,0x80,0x00,0x0003,0x8003,0x80,0x00,0x0003
0x80,0xf3,0x494f,0x8000,0x80,0x00,0x0000,0x8000,0x80,0x00,0x0000
0x00,0xde,0x603f,0x0000,0x00,0x00,0x0000,0x0000,0x00,0x00,0x0000
0x80,0xee,0x629d,0x8000,0x80,0x00,0x0000,0x8000,0x80,0x00,0x0000
0x00,0xf3,0x4cc3,0x0000,0x00,0x00,0x0000,0x0000,0x00,0x00,0x0000
0x80,0xf1,0x627e,0x8000,0x80,0x00,0x0000,0x8000,0x80,0x00,0x0000
0x00,0xf9,0x5a36,0x000b,0x00,0x00,0x000b,0x000b,0x00,0x00,0x000b
0x00,0xe5,0x43b7,0x0000,0x00,0x00,0x0000,0x0000,0x00,0x00,0x0000
0x80,0xfa,0x5434,0x8015,0x80,0x00,0x0015,0x8015,0x80,0x00,0x0015
0x00,0xf5,0x5f42,0x0001,0x00,0x00,0x0001,0x0001,0x00,0x00,0x0001
0x80,0xec,0x6c5e,0x8000,0x80,0x00,0x0000,0x8000,0x80,0x00,0x0000
0x80,0xe5,0x57e5,0x8000,0x80,0x00,0x0000,0x8000,0x80,0x00,0x0000
0x00,0xe9,0x6947,0x0000,0x00,0x00,0x0000,0x0000,0x00,0x00,0x0000
0x80,0xf4,0x4df3,0x8000,0x80,0x00,0x0000,0x8000,0x80,0x00,0x0000
0x00,0xfd,0x7fd5,0x0100,0x00,0x00,0x0100,0x0100,0x00,0x00,0x0100
0x00,0xf1,0x7c49,0x0000,0x00,0x00,0x0000,0x0000,0x00,0x00,0x0000
0x80,0xf7,0x6dd4,0x8003,0x80,0x00,0x0003,0x8003,0x80,0x00,0x0003
0x80,0xf0,0x65e6,0x8000,0x80,0x00,0x0000,0x8000,0x80,0x00,0x0000
0x00,0xef,0x405e,0x0000,0x00,0x00,0x0000,0x0000,0x00,0x00,0x0000
0x80,0xeb,0x683b,0x8000,0x80,0x00,0x0000,0x8000,0x80,0x00,0x0000
0x80,0xeb,0x7366,0x8000,0x80,0x00,0x0000,0x8000,0x80,0x00,0x0000
0x80,0xe7,0x55a2,0x8000,0x80,0x00,0x0000,0x8000,0x80,0x00,0x0000
0x00,0xe7,0x5a3a,0x0000,0x00,0x00,0x0000,0x0000,0x00,0x00,0x0000
0x00,0xe6,0x44b7,0x0000,0x00,0x00,0x0000,0x0000,0x00,0x00,0x0000
0x00,0xfa,0x58a4,0x0016,0x00,0x00,0x0016,0x0016,0x00,0x00,0x0016
0x00,0xe4,0x6bdd,0x0000,0x00,0x00,0x0000,0x0000,0x00,0x00,0x0000
0x80,0xf8,0x4ebf,0x8005,0x80,0x00,0x0005,0x8005,0x80,0x00,0x0005
0x80,0xe5,0x6a49,0x8000,0x80,0x00,0x0000,0x8000,0x80,0x00,0x0000
0x80,0xf4,0x5193,0x8000,0x80,0x00,0x0000,0x8000,0x80,0x00,0x0000
0x00,0xf9,0x6eaa,0x000e,0x00,0x00,0x000e,0x000e,0x00,0x00,0x000e
0x80,0xed,0x42b1,0x8000,0x80,0x00,0x0000,0x8000,0x80,0x00,0x0000
0x80,0xf7,0x6ad1,0x8003,0x80,0x00,0x0003,0x8003,0x80,0x00,0x0003
0x00,0xfa,0x41d0,0x0010,0x00,0x00,0x0010,0x0010,0x00,0x00,0x0010
0x00,0xfe,0x4aa2,0x012b,0x00,0x00,0x012b,0x012b,0x00,0x00,0x012b
0x80,0xf8,0x400a,0x8004,0x80,0x00,0x0004,0x8004,0x80,0x00,0x0004
0x00,0xe2,0x4093,0x0000,0x00,0x00,0x0000,0x0000,0x00,0x00,0x0000
0x00,0xe5,0x4803,0x0000,0x00,0x00,0x0000,0x0000,0x00,0x00,0x0000
0x80,0xf4,0x797d,0x8000,0x80,0x00,0x0000,0x8000,0x80,0x00,0x0000
0x80,0xf2,0x7fcf,0x8000,0x80,0x00,0x0000,0x8000,0x80,0x00,0x0000
0x80,0xfe,0x7066,0x81c2,0x80,0x00,0x01c2,0x81c2,0x80,0x00,0x01c2
0x80,0xeb,0x6377,0x8000,0x80,0x00,0x0000,0x8000,0x80,0x00,0x0000
0x80,0xe8,0x4251,0x8000,0x80,0x00,0x0000,0x8000,0x80,0x00,0x0000
0x80,0xf0,0x4dd5,0x8000,0x80,0x00,0x0000,0x8000,0x80,0x00,0x0000
0x80,0xef,0x7899,0x8000,0x80,0x00,0x0000,0x8000,0x80,0x00,0x0000
0x80,0xff,0x44d5,0x8227,0x80,0x00,0x0227,0x8227,0x80,0x00,0x0227
0x80,0xe4,0x5bad,0x8000,0x80,0x00,0x0000,0x8000,0x80,0x00,0x0000
0x80,0xe6,0x434f,0x8000,0x80,0x00,0x0000,0x8000,0x80,0x00,0x0000
0x80,0xf6,0x733d,0x8002,0x80,0x00,0x0002,0x8002,0x80,0x00,0x0002
0x80,0xe0,0x47b0,0x8000,0x80,0x00,0x0000,0x8000,0x80,0x00,0x0000
0x80,0xe7,0x5272,0x8000,0x80,0x00,0x0000,0x8000,0x80,0x00,0x0000
0x00,0xe5,0x6c50,0x0000,0x00,0x00,0x0000,0x0000,0x00,0x00,0x0000
0x80,0xf9,0x57d6,0x800b,0x80,0x00,0x000b,0x800b,0x80,0x00,0x000b
0x80,0xe5,0x40fe,0x8000,0x80,0x00,0x0000,0x8000,0x80,0x00,0x0000
0x80,0xfc,0x7a61,0x807a,0x80,0x00,0x007a,0x807a,0x80,0x00,0x007a
0x80,0xf9,0x655b,0x800d,0x80,0x00,0x000d,0x800d,0x80,0x00,0x000d
0x00,0xde,0x64cd,0x0000,0x00,0x00,0x0000,0x0000,0x00,0x00,0x0000
0x00,0xeb,0x4ce3,0x0000,0x00,0x00,0x0000,0x0000,0x00,0x00,0x0000
0x80,0xe1,0x6a7b,0x8000,0x80,0x00,0x0000,0x8000,0x80,0x00,0x0000
0x80,0xfc,0x5717,0x8057,0x80,0x00,0x0057,0x8057,0x80,0x00,0x0057
0x80,0xdd,0x4147,0x8000,0x80,0x00,0x0000,0x8000,0x80,0x00,0x0000
0x00,0xf1,0x7554,0x0000,0x00,0x00,0x0000,0x0000,0x00,0x00,0x0000
0x80,0xf6,0x537a,0x8001,0x80,0x00,0x0001,0x8001,0x80,0x00,0x0001
0x80,0xe6,0x60aa,0x8000,0x80,0x00,0x0000,0x8000,0x80,0x00,0x0000
0x00,0xee,0x4a6f,0x0000,0x00,0x00,0x0000,0x0000,0x00,0x00,0x0000
0x80,0xe8,0x4540,0x8000,0x80,0x00,0x0000,0x8000,0x80,0x00,0x0000
0x80,0xfc,0x71f5,0x8072,0x80,0x00,0x0072,0x8072,0x80,0x00,0x0072
0x00,0xe5,0x68d5,0x0000,0x00,0x00,0x0000,0x0000,0x00,0x00,0x0000
0x80,0xfd,0x63d5,0x80c8,0x80,0x00,0x00c8,0x80c8,0x80,0x00,0x00c8
0x80,0xf0,0x7237,0x8000,0x80,0x00,0x0000,0x8000,0x80,0x00,0x0000
0x80,0xf5,0x7859,0x8001,0x80,0x00,0x0001,0x8001,0x80,0x00,0x0001
0x00,0xe9,0x4c5e,0x0000,0x00,0x00,0x0000,0x0000,0x00,0x00,0x0000
0x00,0xf3,0x6686,0x0000,0x00,0x00,0x0000,0x0000,0x00,0x00,0x0000
0x80,0xe8,0x63e2,0x8000,0x80,0x00,0x0000,0x8000,0x80,0x00,0x0000
0x80,0xe9,0x4dc7,0x8000,0x80,0x00,0x0000,0x8000,0x80,0x00,0x0000
0x00,0xe3,0x796e,0x0000,0x00,0x00,0x0000,0x0000,0x00,0x00,0x0000
0x00,0xf7,0x4c3a,0x0002,0x00,0x00,0x0002,0x0002,0x00,0x00,0x0002
0x80,0xf1,0x7036,0x8000,0x80,0x00,0x0000,0x8000,0x80,0x00,0x0000
0x00,0xfe,0x7ff9,0x0200,0x00,0x00,0x0200,0x0200,0x00,0x00,0x0200
0x00,0xfd,0x63e3,0x00c8,0x00,0x00,0x00c8,0x00c8,0x00,0x00,0x00c8
0x80,0xde,0x6de5,0x8000,0x80,0x00,0x0000,0x8000,0x80,0x00,0x0000
0x80,0xfa,0x562e,0x8016,0x80,0x00,0x0016,0x8016,0x80,0x00,0x0016
0x80,0xe1,0x5cc1,0x8000,0x80,0x00,0x0000,0x8000,0x80,0x00,0x0000
0x00,0xe2,0x4020,0x0000,0x00,0x00,0x0000,0x0000,0x00,0x00,0x0000
0x80,0xf3,0x4ebb,0x8000,0x80,0x00,0x0000,0x8000,0x80,0x00,0x0000
0x00,0xfb,0x5591,0x002b,0x00,0x00,0x002b,0x002b,0x00,0x00,0x002b
0x80,0xe4,0x507e,0x8000,0x80,0x00,0x0000,0x8000,0x80,0x00,0x0000
0x00,0xf3,0x763c,0x0000,0x00,0x00,0x0000,0x0000,0x00,0x00,0x0000
0x00,0xf9,0x4c29,0x000a,0x00,0x00,0x000a,0x000a,0x00,0x00,0x000a
0x00,0xe5,0x653e,0x0000,0x00,0x00,0x0000,0x0000,0x00,0x00,0x0000
0x80,0xfe,0x6eef,0x81bc,0x80,0x00,0x01bc,0x81bc,0x80,0x00,0x01bc
0x80,0xe2,0x7d29,0x8000,0x80,0x00,0x0000,0x8000,0x80,0x00,0x0000
0x80,0xfe,0x7bf5,0x81f0,0x80,0x00,0x01f0,0x81f0,0x80,0x00,0x01f0
0x00,0xe8,0x482b,0x0000,0x00,0x00,0x0000,0x0000,0x00,0x00,0x0000
0x00,0xdf,0x6400,0x0000,0x00,0x00,0x0000,0x0000,0x00,0x00,0x0000
0x00,0xe5,0x636e,0x0000,0x00,0x00,0x0000,0x0000,0x00,0x00,0x0000
0x00,0xdd,0x5da8,0x0000,0x00,0x00,0x0000,0x0000,0x00,0x00,0x0000
0x80,0xfd,0x761b,0x80ec,0x80,0x00,0x00ec,0x80ec,0x80,0x00,0x00ec
0x80,0xfe,0x6c6c,0x81b2,0x80,0x00,0x01b2,0x81b2,0x80,0x00,0x01b2
0x00,0xf5,0x66cd,0x0001,0x00,0x00,0x0001,0x0001,0x00,0x00,0x0001
0x80,0xf0,0x4e54,0x8000,0x80,0x00,0x0000,0x8000,0x80,0x00,0x0000
0x00,0xf0,0x5f3d,0x0000,0x00,0x00,0x0000,0x0000,0x00,0x00,0x0000
0x00,0xfd,0x4125,0x0082,0x00,0x00,0x0082,0x0082,0x00,0x00,0x0082
0x80,0xe9,0x7b2e,0x8000,0x80,0x00,0x0000,0x8000,0x80,0x00,0x0000
0x00,0xfc,0x4a09,0x004a,0x00,0x00,0x004a,0x004a,0x00,0x00,0x004a
0x00,0xfa,0x5612,0x0016,0x00,0x00,0x0016,0x0016,0x00,0x00,0x0016
0x80,0xee,0x7db1,0x8000,0x80,0x00,0x0000,0x8000,0x80,0x00,0x0000
0x00,0xdd,0x482f,0x0000,0x00,0x00,0x0000,0x0000,0x00,0x00,0x0000
0x00,0xe6,0x69c0,0x0000,0x00,0x00,0x0000,0x0000,0x00,0x00,0x0000
0x00,0xe6,0x5108,0x0000,0x00,0x00,0x0000,0x0000,0x00,0x00,0x0000
0x00,0xe9,0x7cac,0x0000,0x00,0x00,0x0000,0x0000,0x00,0x00,0x0000
0x00,0xfa,0x55f2,0x0015,0x00,0x00,0x0015,0x0015,0x00,0x00,0x0015
0x00,0xfa,0x53eb,0x0015,0x00,0x00,0x0015,0x0015,0x00,0x00,0x0015
0x00,0xea,0x4c22,0x0000,0x00,0x00,0x0000,0x0000,0x00,0x00,0x0000
0x00,0xfc,0x6cb2,0x006d,0x00,0x00,0x006d,0x006d,0x00,0x00,0x006d
0x80,0xe6,0x6df8,0x8000,0x80,0x00,0x0000,0x8000,0x80,0x00,0x0000
0x00,0xf6,0x5ffa,0x0001,0x00,0x00,0x0001,0x0001,0x00,0x00,0x0001
0x00,0xe3,0x6e07,0x0000,0x00,0x00,0x0000,0x0000,0x00,0x00,0x0000
0x80,0xee,0x42fe,0x8000,0x80,0x00,0x0000,0x8000,0x80,0x00,0x0000
0x80,0xec,0x5d5a,0x8000,0x80,0x00,0x0000,0x8000,0x80,0x00,0x0000
0x00,0xdd,0x58d2,0x0000,0x00,0x00,0x0000,0x0000,0x00,0x00,0x0000
0x80,0xef,0x4c4a,0x8000,0x80,0x00,0x0000,0x8000,0x80,0x00,0x0000
0x00,0xf0,0x6acb,0x0000,0x00,0x00,0x0000,0x0000,0x00,0x00,0x0000
0x80,0xf5,0x41fe,0x8001,0x80,0x00,0x0001,0x8000,0x80,0x00,0x0000
0x80,0xec,0x4405,0x8000,0x80,0x00,0x0000,0x8000,0x80,0x00,0x0000
0x80,0xee,0x446e,0x8000,0x80,0x00,0x0000,0x8000,0x80,0x00,0x0000
0x00,0xf4,0x79a6,0x0000,0x00,0x00,0x0000,0x0000,0x00,0x00,0x0000
0x80,0xfb,0x5343,0x802a,0x80,0x00,0x002a,0x802a,0x80,0x00,0x002a
0x80,0xf4,0x7b4e,0x8000,0x80,0x00,0x0000,0x8000,0x80,0x00,0x0000
0x00,0xfa,0x5698,0x0016,0x00,0x00,0x0016,0x0016,0x00,0x00,0x0016
0x80,0xdd,0x5a10,0x8000,0x80,0x00,0x0000,0x8000,0x80,0x00,0x0000
0x80,0xf1,0x5067,0x8000,0x80,0x00,0x0000,0x8000,0x80,0x00,0x0000
0x80,0xe1,0x61d1,0x8000,0x80,0x00,0x0000,0x8000,0x80,0x00,0x0000
0x80,0xfc,0x4364,0x8043,0x80,0x00,0x0043,0x8043,0x80,0x00,0x0043
0x80,0xf0,0x42a2,0x8000,0x80,0x00,0x0000,0x8000,0x80,0x00,0x0000
0x00,0xff,0x7ec7,0x03f6,0x00,0x00,0x03f6,0x03f6,0x00,0x00,0x03f6
0x00,0xf0,0x4d19,0x0000,0x00,0x00,0x0000,0x0000,0x00,0x00,0x0000
0x80,0xf0,0x4b4e,0x8000,0x80,0x00,0x0000,0x8000,0x80,0x00,0x0000
0x00,0xe0,0x6fc7,0x0000,0x00,0x00,0x0000,0x0000,0x00,0x00,0x0000
0x80,0xe2,0x7db0,0x8000,0x80,0x00,0x0000,0x8000,0x80,0x00,0x0000
0x80,0xed,0x6a4b,0x8000,0x80,0x00,0x0000,0x8000,0x80,0x00,0x0000
0x00,0xe2,0x776d,0x0000,0x00,0x00,0x0000,0x0000,0x00,0x00,0x0000
0x00,0xeb,0x71f5,0x0000,0x00,0x00,0x0000,0x0000,0x00,0x00,0x0000
0x80,0xde,0x4871,0x8000,0x80,0x00,0x0000,0x8000,0x80,0x00,0x0000
0x80,0xf8,0x5fc6,0x8006,0x80,0x00,0x0006,0x8006,0x80,0x00,0x0006
0x00,0xeb,0x5874,0x0000,0x00,0x00,0x0000,0x0000,0x00,0x00,0x0000
0x00,0xfd,0x6cbe,0x00d9,0x00,0x00,0x00d9,0x00d9,0x00,0x00,0x00d9
0x00,0xf5,0x66a0,0x0001,0x00,0x00,0x0001,0x0001,0x00,0x00,0x0001
0x00,0xeb,0x700c,0x0000,0x00,0x00,0x0000,0x0000,0x00,0x00,0x0000
0x80,0xef,0x52bc,0x8000,0x80,0x00,0x0000,0x8000,0x80,0x00,0x0000
0x80,0xf5,0x465a,0x8001,0x80,0x00,0x0001,0x8001,0x80,0x00,0x0001
0x00,0xe1,0x7012,0x0000,0x00,0x00,0x0000,0x0000,0x00,0x00,0x0000
0x00,0xf0,0x5ff1,0x0000,0x00,0x00,0x0000,0x0000,0x00,0x00,0x0000
0x00,0xfe,0x607e,0x0182,0x00,0x00,0x0182,0x0182,0x00,0x00,0x0182
0x00,0xfb,0x7a2c,0x003d,0x00,0x00,0x003d,0x003d,0x00,0x00,0x003d
0x00,0xf7,0x68ee,0x0003,0x00,0x00,0x0003,0x0003,0x00,0x00,0x0003
0x80,0xe7,0x4714,0x8000,0x80,0x00,0x0000,0x8000,0x80,0x00,0x0000
0x00,0xf7,0x5907,0x0003,0x00,0x00,0x0003,0x0003,0x00,0x00,0x0003
0x80,0xde,0x61ed,0x8000,0x80,0x00,0x0000,0x8000,0x80,0x00,0x0000
0x00,0xe5,0x662c,0x0000,0x00,0x00,0x0000,0x0000,0x00,0x00,0x0000
0x80,0xe9,0x6967,0x8000,0x80,0x00,0x0000,0x8000,0x80,0x00,0x0000
0x00,0xe7,0x503a,0x0000,0x00,0x00,0x0000,0x0000,0x00,0x00,0x0000
0x00,0xde,0x5628,0x0000,0x00,0x00,0x0000,0x0000,0x00,0x00,0x0000
0x00,0xf8,0x59e9,0x0006,0x00,0x00,0x0006,0x0006,0x00,0x00,0x0006
0x80,0xe5,0x5d60,0x8000,0x80,0x00,0x0000,0x8000,0x80,0x00,0x0000
0x00,0xfa,0x5cab,0x0017,0x00,0x00,0x0017,0x0017,0x00,0x00,0x0017
0x00,0xfa,0x44f7,0x0011,0x00,0x00,0x0011,0x0011,0x00,0x00,0x0011
0x80,0xe3,0x4b27,0x8000,0x80,0x00,0x0000,0x8000,0x80,0x00,0x0000
0x00,0xe3,0x727a,0x0000,0x00,0x00,0x0000,0x0000,0x00,0x00,0x0000
0x00,0xf6,0x4d18,0x0001,0x00,0x00,0x0001,0x0001,0x00,0x00,0x0001
0x80,0xee,0x4d61,0x8000,0x80,0x00,0x0000,0x8000,0x80,0x00,0x0000
0x80,0xea,0x5b8a,0x8000,0x80,0x00,0x0000,0x8000,0x80,0x00,0x0000
0x00,0xe5,0x7b42,0x0000,0x00,0x00,0x0000,0x0000,0x00,0x00,0x0000
0x00,0xeb,0x4960,0x0000,0x00,0x00,0x0000,0x0000,0x00,0x00,0x0000
0x00,0xfd,0x73f9,0x00e8,0x00,0x00,0x00e8,0x00e8,0x00,0x00,0x00e8
0x80,0xdd,0x5fec,0x8000,0x80,0x00,0x0000,0x8000,0x80,0x00,0x0000
0x00,0xf7,0x500a,0x0003,0x00,0x00,0x0003,0x0002,0x00,0x00,0x0002
0x00,0xfe,0x7599,0x01d6,0x00,0x00,0x01d6,0x01d6,0x00,0x00,0x01d6
0x80,0xee,0x5993,0x8000,0x80,0x00,0x0000,0x8000,0x80,0x00,0x0000
0x80,0xec,0x554f,0x8000,0x80,0x00,0x0000,0x8000,0x80,0x00,0x0000
0x80,0xfe,0x7413,0x81d0,0x80,0x00,0x01d0,0x81d0,0x80,0x00,0x01d0
0x80,0xe7,0x5024,0x8000,0x80,0x00,0x0000,0x8000,0x80,0x00,0x0000
0x80,0xdf,0x68a7,0x8000,0x80,0x00,0x0000,0x8000,0x80,0x00,0x0000
0x00,0xe1,0x6e7c,0x0000,0x00,0x00,0x0000,0x0000,0x00,0x00,0x0000
0x80,0xe8,0x5cbb,0x8000,0x80,0x00,0x0000,0x8000,0x80,0x00,0x0000
0x00,0xf8,0x75ef,0x0007,0x00,0x00,0x0007,0x0007,0x00,0x00,0x0007
0x00,0xf6,0x5233,0x0001,0x00,0x00,0x0001,0x0001,0x00,0x00,0x0001
0x00,0xfa,0x70b6,0x001c,0x00,0x00,0x001c,0x001c,0x00,0x00,0x001c
0x80,0xe3,0x6b55,0x8000,0x80,0x00,0x0000,0x8000,0x80,0x00,0x0000
0x80,0xf4,0x6a53,0x8000,0x80,0x00,0x0000,0x8000,0x80,0x00,0x0000
0x00,0xfd,0x43f7,0x0088,0x00,0x00,0x0088,0x0088,0x00,0x00,0x0088
0x80,0xf8,0x52d8,0x8005,0x80,0x00,0x0005,0x8005,0x80,0x00,0x0005
0x80,0xe7,0x4d42,0x8000,0x80,0x00,0x0000,0x8000,0x80,0x00,0x0000
0x00,0xef,0x6d73,0x0000,0x00,0x00,0x0000,0x0000,0x00,0x00,0x0000
0x80,0xf3,0x78c1,0x8000,0x80,0x00,0x0000,0x8000,0x80,0x00,0x0000
0x80,0xe1,0x4366,0x8000,0x80,0x00,0x0000,0x8000,0x80,0x00,0x0000
0x80,0xeb,0x684f,0x8000,0x80,0x00,0x0000,0x8000,0x80,0x00,0x0000
0x80,0xec,0x74c9,0x8000,0x80,0x00,0x0000,0x8000,0x80,0x00,0x0000
0x80,0xe5,0x6ebc,0x8000,0x80,0x00,0x0000,0x8000,0x80,0x00,0x0000
0x80,0xde,0x5f68,0x8000,0x80,0x00,0x0000,0x8000,0x80,0x00,0x0000
0x80,0xe6,0x7af9,0x8000,0x80,0x00,0x0000,0x8000,0x80,0x00,0x0000
0x80,0xf8,0x5616,0x8005,0x80,0x00,0x0005,0x8005,0x80,0x00,0x0005
0x80,0xff,0x46d8,0x8237,0x80,0x00,0x0237,0x8237,0x80,0x00,0x0237
0x00,0xfa,0x4d3f,0x0013,0x00,0x00,0x0013,0x0013,0x00,0x00,0x0013
0x00,0xf3,0x7281,0x0000,0x00,0x00,0x0000,0x0000,0x00,0x00,0x0000
0x00,0xed,0x65f6,0x0000,0x00,0x00,0x0000,0x0000,0x00,0x00,0x0000
0x80,0xfb,0x5138,0x8029,0x80,0x00,0x0029,0x8029,0x80,0x00,0x0029
0x80,0xff,0x7fcf,0x83fe,0x80,0x00,0x03fe,0x83fe,0x80,0x00,0x03fe
0x80,0xfd,0x51a0,0x80a3,0x80,0x00,0x00a3,0x80a3,0x80,0x00,0x00a3
0x00,0xe8,0x7a99,0x0000,0x00,0x00,0x0000,0x0000,0x00,0x00,0x0000
0x00,0xe6,0x41e8,0x0000,0x00,0x00,0x0000,0x0000,0x00,0x00,0x0000
0x80,0xe2,0x7dca,0x8000,0x80,0x00,0x0000,0x8000,0x80,0x00,0x0000
0x80,0xf0,0x7e1b,0x8000,0x80,0x00,0x0000,0x8000,0x80,0x00,0x0000
0x80,0xe7,0x5bf9,0x8000,0x80,0x00,0x0000,0x8000,0x80,0x00,0x0000
0x80,0xfd,0x62c7,0x80c6,0x80,0x00,0x00c6,0x80c6,0x80,0x00,0x00c6
0x80,0xe2,0x4611,0x8000,0x80,0x00,0x0000,0x8000,0x80,0x00,0x0000
0x80,0xdd,0x7d39,0x8000,0x80,0x00,0x0000,0x8000,0x80,0x00,0x0000
0x80,0xf0,0x5862,0x8000,0x80,0x00,0x0000,0x8000,0x80,0x00,0x0000
0x80,0xfe,0x5788,0x815e,0x80,0x00,0x015e,0x815e,0x80,0x00,0x015e
0x00,0xe8,0x49c6,0x0000,0x00,0x00,0x0000,0x0000,0x00,0x00,0x0000
0x00,0xdf,0x6012,0x0000,0x00,0x00,0x0000,0x0000,0x00,0x00,0x0000
0x80,0xdd,0x48d2,0x8000,0x80,0x00,0x0000,0x8000,0x80,0x00,0x0000
0x00,0xe7,0x7c79,0x0000,0x00,0x00,0x0000,0x0000,0x00,0x00,0x0000
0x00,0xe2,0x5d50,0x0000,0x00,0x00,0x0000,0x0000,0x00,0x00,0x0000
0x80,0xfd,0x6248,0x80c5,0x80,0x00,0x00c5,0x80c5,0x80,0x00,0x00c5
0x80,0xfc,0x6acb,0x806b,0x80,0x00,0x006b,0x806b,0x80,0x00,0x006b
0x00,0xe1,0x62b9,0x0000,0x00,0x00,0x0000,0x0000,0x00,0x00,0x0000
0x00,0xeb,0x5860,0x0000,0x00,0x00,0x0000,0x0000,0x00,0x00,0x0000
0x00,0xef,0x7f3e,0x0000,0x00,0x00,0x0000,0x0000,0x00,0x00,0x0000
0x00,0xeb,0x7904,0x0000,0x00,0x00,0x0000,0x0000,0x00,0x00,0x0000
0x00,0xf5,0x7fd1,0x0001,0x00,0x00,0x0001,0x0001,0x00,0x00,0x0001
0x00,0xf7,0x5c9a,0x0003,0x00,0x00,0x0003,0x0003,0x00,0x00,0x0003
0x80,0xe9,0x79a6,0x8000,0x80,0x00,0x0000,0x8000,0x80,0x00,0x0000
0x00,0xff,0x7a2e,0x03d1,0x00,0x00,0x03d1,0x03d1,0x00,0x00,0x03d1
0x00,0xe2,0x4aa7,0x0000,0x00,0x00,0x0000,0x0000,0x00,0x00,0x0000
0x80,0xf4,0x594a,0x8000,0x80,0x00,0x0000,0x8000,0x80,0x00,0x0000
0x00,0xe7,0x787c,0x0000,0x00,0x00,0x0000,0x0000,0x00,0x00,0x0000
0x80,0xe5,0x61b8,0x8000,0x80,0x00,0x0000,0x8000,0x80,0x00,0x0000
0x80,0xf4,0x7fa4,0x8000,0x80,0x00,0x0000,0x8000,0x80,0x00,0x0000
0x00,0xf7,0x5b9b,0x0003,0x00,0x00,0x0003,0x0003,0x00,0x00,0x0003
0x00,0xe7,0x476f,0x0000,0x00,0x00,0x0000,0x0000,0x00,0x00,0x0000
0x80,0xe9,0x5e8a,0x8000,0x80,0x00,0x0000,0x8000,0x80,0x00,0x0000
0x80,0xe7,0x45f0,0x8000,0x80,0x00,0x0000,0x8000,0x80,0x00,0x0000
0x00,0xdf,0x5a5e,0x0000,0x00,0x00,0x0000,0x0000,0x00,0x00,0x0000
0x00,0xfd,0x6c90,0x00d9,0x00,0x00,0x00d9,0x00d9,0x00,0x00,0x00d9
0x80,0xed,0x5567,0x8000,0x80,0x00,0x0000,0x8000,0x80,0x00,0x0000
0x00,0xef,0x55fb,0x0000,0x00,0x00,0x0000,0x0000,0x00,0x00,0x0000
0x00,0xe1,0x6302,0x0000,0x00,0x00,0x0000,0x0000,0x00,0x00,0x0000
0x00,0xe2,0x67bf,0x0000,0x00,0x00,0x0000,0x0000,0x00,0x00,0x0000
0x00,0xf9,0x573a,0x000b,0x00,0x00,0x000b,0x000b,0x00,0x00,0x000b
0x80,0xe2,0x5d21,0x8000,0x80,0x00,0x0000,0x8000,0x80,0x00,0x0000
0x80,0xf0,0x7a1f,0x8000,0x80,0x00,0x0000,0x8000,0x80,0x00,0x0000
0x80,0xe0,0x4eb0,0x8000,0x80,0x00,0x0000,0x8000,0x80,0x00,0x0000
0x00,0xf5,0x6247,0x0001,0x00,0x00,0x0001,0x0001,0x00,0x00,0x0001
0x00,0xe5,0x5412,0x0000,0x00,0x00,0x0000,0x0000,0x00,0x00,0x0000
0x80,0xf3,0x7c2b,0x8000,0x80,0x00,0x0000,0x8000,0x80,0x00,0x0000
0x80,0xe4,0x69f8,0x8000,0x80,0x00,0x0000,0x8000,0x80,0x00,0x0000
0x80,0xee,0x5467,0x8000,0x80,0x00,0x0000,0x8000,0x80,0x00,0x0000
0x00,0xe5,0x4ecd,0x0000,0x00,0x00,0x0000,0x0000,0x00,0x00,0x0000
0x00,0xf2,0x7513,0x0000,0x00,0x00,0x0000,0x0000,0x00,0x00,0x0000
0x00,0xf3,0x5467,0x0000,0x00,0x00,0x0000,0x0000,0x00,0x00,0x0000
0x80,0xf6,0x6971,0x8002,0x80,0x00,0x0002,0x8002,0x80,0x00,0x0002
0x00,0xde,0x7587,0x0000,0x00,0x00,0x0000,0x0000,0x00,0x00,0x0000
0x80,0xed,0x737f,0x8000,0x80,0x00,0x0000,0x8000,0x80,0x00,0x0000
0x80,0xe6,0x5c6c,0x8000,0x80,0x00,0x0000,0x8000,0x80,0x00,0x0000
0x80,0xf2,0x7ed3,0x8000,0x80,0x00,0x0000,0x8000,0x80,0x00,0x0000
0x00,0xe4,0x5d84,0x0000,0x00,0x00,0x0000,0x0000,0x00,0x00,0x0000
0x80,0xef,0x7450,0x8000,0x80,0x00,0x0000,0x8000,0x80,0x00,0x0000
0x80,0xe7,0x545b,0x8000,0x80,0x00,0x0000,0x8000,0x80,0x00,0x0000
0x80,0xe7,0x7940,0x8000,0x80,0x00,0x0000,0x8000,0x80,0x00,0x0000
0x80,0xfb,0x534a,0x802a,0x80,0x00,0x002a,0x802a,0x80,0x00,0x002a
0x80,0xef,0x7086,0x8000,0x80,0x00,0x0000,0x8000,0x80,0x00,0x0000
0x80,0xe3,0x62b3,0x8000,0x80,0x00,0x0000,0x8000,0x80,0x00,0x0000
0x00,0xf0,0x60f7,0x0000,0x00,0x00,0x0000,0x0000,0x00,0x00,0x0000
0x00,0xff,0x67f3,0x0340,0x00,0x00,0x0340,0x0340,0x00,0x00,0x0340
0x80,0xe9,0x54c7,0x8000,0x80,0x00,0x0000,0x8000,0x80,0x00,0x0000
0x00,0xf2,0x7036,0x0000,0x00,0x00,0x0000,0x0000,0x00,0x00,0x0000
0x80,0xfe,0x7fca,0x81ff,0x80,0x00,0x01ff,0x81ff,0x80,0x00,0x01ff
0x00,0xf1,0x5df6,0x0000,0x00,0x00,0x0000,0x0000,0x00,0x00,0x0000
0x80,0xe9,0x44c0,0x8000,0x80,0x00,0x0000,0x8000,0x80,0x00,0x0000
0x80,0xe1,0x7ebc,0x8000,0x80,0x00,0x0000,0x8000,0x80,0x00,0x0000
0x00,0xeb,0x7e84,0x0000,0x00,0x00,0x0000,0x0000,0x00,0x00,0x0000
0x80,0xeb,0x7c06,0x8000,0x80,0x00,0x0000,0x8000,0x80,0x00,0x0000
0x80,0xe2,0x44da,0x8000,0x80,0x00,0x0000,0x8000,0x80,0x00,0x0000
0x80,0xe6,0x4c9b,0x8000,0x80,0x00,0x0000,0x8000,0x80,0x00,0x0000
0x00,0xf6,0x627d,0x0002,0x00,0x00,0x0002,0x0002,0x00,0x00,0x0002
0x80,0xee,0x6b65,0x8000,0x80,0x00,0x0000,0x8000,0x80,0x00,0x0000
0x00,0xf2,0x6a54,0x0000,0x00,0x00,0x0000,0x0000,0x00,0x00,0x0000
0x80,0xf9,0x7379,0x800e,0x80,0x00,0x000e,0x800e,0x80,0x00,0x000e
0x80,0xee,0x491e,0x8000,0x80,0x00,0x0000,0x8000,0x80,0x00,0x0000
0x80,0xfe,0x7d97,0x81f6,0x80,0x00,0x01f6,0x81f6,0x80,0x00,0x01f6
0x80,0xe7,0x7e35,0x8000,0x80,0x00,0x0000,0x8000,0x80,0x00,0x0000
0x80,0xf4,0x656a,0x8000,0x80,0x00,0x0000,0x8000,0x80,0x00,0x0000
0x00,0xfd,0x4a95,0x0095,0x00,0x00,0x0095,0x0095,0x00,0x00,0x0095
0x80,0xe3,0x5121,0x8000,0x80,0x00,0x0000,0x8000,0x80,0x00,0x0000
0x80,0xea,0x5a19,0x8000,0x80,0x00,0x0000,0x8000,0x80,0x00,0x0000
0x80,0xfd,0x724b,0x80e5,0x80,0x00,0x00e5,0x80e5,0x80,0x00,0x00e5
0x00,0xea,0x43af,0x0000,0x00,0x00,0x0000,0x0000,0x00,0x00,0x0000
0x00,0xe3,0x4e1b,0x0000,0x00,0x00,0x0000,0x0000,0x00,0x00,0x0000
0x80,0xff,0x420c,0x8210,0x80,0x00,0x0210,0x8210,0x80,0x00,0x0210
0x80,0xfe,0x7e72,0x81fa,0x80,0x00,0x01fa,0x81fa,0x80,0x00,0x01fa
0x80,0xe3,0x70f2,0x8000,0x80,0x00,0x0000,0x8000,0x80,0x00,0x0000
0x80,0xed,0x6cbc,0x8000,0x80,0x00,0x0000,0x8000,0x80,0x00,0x0000
0x00,0xfb,0x7aaf,0x003d,0x00,0x00,0x003d,0x003d,0x00,0x00,0x003d
0x00,0xe6,0x6b48,0x0000,0x00,0x00,0x0000,0x0000,0x00,0x00,0x0000
0x00,0xf2,0x622f,0x0000,0x00,0x00,0x0000,0x0000,0x00,0x00,0x0000
0x80,0xe1,0x5f2b,0x8000,0x80,0x00,0x0000,0x8000,0x80,0x00,0x0000
0x80,0xfe,0x77a0,0x81de,0x80,0x00,0x01de,0x81de,0x80,0x00,0x01de
0x00,0xe5,0x7745,0x0000,0x00,0x00,0x0000,0x0000,0x00,0x00,0x0000
0x00,0xe6,0x69cf,0x0000,0x00,0x00,0x0000,0x0000,0x00,0x00,0x0000
0x80,0xf6,0x4838,0x8001,0x80,0x00,0x0001,0x8001,0x80,0x00,0x0001
0x00,0xf9,0x5d27,0x000c,0x00,0x00,0x000c,0x000c,0x00,0x00,0x000c
0x00,0xdf,0x4074,0x0000,0x00,0x00,0x0000,0x0000,0x00,0x00,0x0000
0x00,0xec,0x78f0,0x0000,0x00,0x00,0x0000,0x0000,0x00,0x00,0x0000
0x80,0xe9,0x4ebd,0x8000,0x80,0x00,0x0000,0x8000,0x80,0x00,0x0000
0x80,0xf0,0x5c3e,0x8000,0x80,0x00,0x0000,0x8000,0x80,0x00,0x0000
0x80,0xe7,0x7229,0x8000,0x80,0x00,0x0000,0x8000,0x80,0x00,0x0000
0x80,0xf1,0x6fc3,0x8000,0x80,0x00,0x0000,0x8000,0x80,0x00,0x0000
0x80,0xf8,0x41d7,0x8004,0x80,0x00,0x0004,0x8004,0x80,0x00,0x0004
0x00,0xed,0x728a,0x0000,0x00,0x00,0x0000,0x0000,0x00,0x00,0x0000
0x00,0xf8,0x7740,0x0007,0x00,0x00,0x0007,0x0007,0x00,0x00,0x0007
0x00,0xfa,0x66f9,0x001a,0x00,0x00,0x001a,0x001a,0x00,0x00,0x001a
0x80,0xfc,0x6b53,0x806b,0x80,0x00,0x006b,0x806b,0x80,0x00,0x006b
0x80,0xfd,0x758d,0x80eb,0x80,0x00,0x00eb,0x80eb,0x80,0x00,0x00eb
0x80,0xfd,0x70ff,0x80e2,0x80,0x00,0x00e2,0x80e2,0x80,0x00,0x00e2
0x80,0xec,0x683a,0x8000,0x80,0x00,0x0000,0x8000,0x80,0x00,0x0000
0x80,0xe7,0x414e,0x8000,0x80,0x00,0x0000,0x8000,0x80,0x00,0x0000
0x80,0xec,0x49fc,0x8000,0x80,0x00,0x0000,0x8000,0x80,0x00,0x0000
0x00,0xe1,0x4855,0x0000,0x00,0x00,0x0000,0x0000,0x00,0x00,0x0000
0x80,0xdd,0x5146,0x8000,0x80,0x00,0x0000,0x8000,0x80,0x00,0x0000
0x80,0xfc,0x6351,0x8063,0x80,0x00,0x0063,0x8063,0x80,0x00,0x0063
0x80,0xf8,0x5dd5,0x8006,0x80,0x00,0x0006,0x8006,0x80,0x00,0x0006
0x80,0xf8,0x71ea,0x8007,0x80,0x00,0x0007,0x8007,0x80,0x00,0x0007
0x00,0xdf,0x5eee,0x0000,0x00,0x00,0x0000,0x0000,0x00,0x00,0x0000
0x80,0xe7,0x45d8,0x8000,0x80,0x00,0x0000,0x8000,0x80,0x00,0x0000
0x00,0xfc,0x6814,0x0068,0x00,0x00,0x0068,0x0068,0x00,0x00,0x0068
0x00,0xee,0x6c49,0x0000,0x00,0x00,0x0000,0x0000,0x00,0x00,0x0000
0x80,0xf5,0x58f2,0x8001,0x80,0x00,0x0001,0x8001,0x80,0x00,0x0001
0x00,0xff,0x4db6,0x026e,0x00,0x00,0x026e,0x026e,0x00,0x00,0x026e
0x00,0xef,0x63cf,0x0000,0x00,0x00,0x0000,0x0000,0x00,0x00,0x0000
0x00,0xe0,0x6bb2,0x0000,0x00,0x00,0x0000,0x0000,0x00,0x00,0x0000
0x00,0xf5,0x4b30,0x0001,0x00,0x00,0x0001,0x0001,0x00,0x00,0x0001
0x00,0xed,0x6f89,0x0000,0x00,0x00,0x0000,0x0000,0x00,0x00,0x0000
0x80,0xe6,0x7237,0x8000,0x80,0x00,0x0000,0x8000,0x80,0x00,0x0000
0x80,0xfd,0x7f58,0x80ff,0x80,0x00,0x00ff,0x80ff,0x80,0x00,0x00ff
0x80,0xdd,0x69d5,0x8000,0x80,0x00,0x0000,0x8000,0x80,0x00,0x0000
0x00,0xf3,0x6545,0x0000,0x00,0x00,0x0000,0x0000,0x00,0x00,0x0000
0x80,0xe9,0x462d,0x8000,0x80,0x00,0x0000,0x8000,0x80,0x00,0x0000
0x80,0xe4,0x63be,0x8000,0x80,0x00,0x0000,0x8000,0x80,0x00,0x0000
0x00,0xf6,0x6993,0x0002,0x00,0x00,0x0002,0x0002,0x00,0x00,0x0002
0x80,0xf1,0x7153,0x8000,0x80,0x00,0x0000,0x8000,0x80,0x00,0x0000
0x80,0xe5,0x4d1e,0x8000,0x80,0x00,0x0000,0x8000,0x80,0x00,0x0000
0x80,0xed,0x6707,0x8000,0x80,0x00,0x0000,0x8000,0x80,0x00,0x0000
0x80,0xee,0x7bad,0x8000,0x80,0x00,0x0000,0x8000,0x80,0x00,0x0000
0x80,0xe3,0x4419,0x8000,0x80,0x00,0x0000,0x8000,0x80,0x00,0x0000
0x80,0xed,0x54f2,0x8000,0x80,0x00,0x0000,0x8000,0x80,0x00,0x0000
0x80,0xde,0x4a6e,0x8000,0x80,0x00,0x0000,0x8000,0x80,0x00,0x0000
0x00,0xe2,0x6d7d,0x0000,0x00,0x00,0x0000,0x0000,0x00,0x00,0x0000
0x80,0xe2,0x542e,0x8000,0x80,0x00,0x0000,0x8000,0x80,0x00,0x0000
0x80,0xe2,0x4a6a,0x8000,0x80,0x00,0x0000,0x8000,0x80,0x00,0x0000
0x80,0xef,0x5104,0x8000,0x80,0x00,0x0000,0x8000,0x80,0x00,0x0000
0x80,0xf8,0x411f,0x8004,0x80,0x00,0x0004,0x8004,0x80,0x00,0x0004
0x00,0xeb,0x4fe5,0x0000,0x00,0x00,0x0000,0x0000,0x00,0x00,0x0000
0x80,0xe2,0x4578,0x8000,0x80,0x00,0x0000,0x8000,0x80,0x00,0x0000
0x80,0xde,0x4285,0x8000,0x80,0x00,0x0000,0x8000,0x80,0x00,0x0000
0x80,0xf6,0x7233,0x8002,0x80,0x00,0x0002,0x8002,0x80,0x00,0x0002
0x00,0xf8,0x6cad,0x0007,0x00,0x00,0x0007,0x0007,0x00,0x00,0x0007
0x80,0xe5,0x7029,0x8000,0x80,0x00,0x0000,0x8000,0x80,0x00,0x0000
0x80,0xf5,0x46b7,0x8001,0x80,0x00,0x0001,0x8001,0x80,0x00,0x0001
0x00,0xee,0x680b,0x0000,0x00,0x00,0x0000,0x0000,0x00,0x00,0x0000
0x80,0xde,0x5465,0x8000,0x80,0x00,0x0000,0x8000,0x80,0x00,0x0000
0x00,0xe6,0x41ed,0x0000,0x00,0x00,0x0000,0x0000,0x00,0x00,0x0000
0x00,0xec,0x6108,0x0000,0x00,0x00,0x0000,0x0000,0x00,0x00,0x0000
0x80,0xfc,0x5f85,0x8060,0x80,0x00,0x0060,0x8060,0x80,0x00,0x0060
0x80,0xfc,0x52b6,0x8053,0x80,0x00,0x0053,0x8053,0x80,0x00,0x0053
0x00,0xf4,0x7a33,0x0000,0x00,0x00,0x0000,0x0000,0x00,0x00,0x0000
0x80,0xf1,0x74ad,0x8000,0x80,0x00,0x0000,0x8000,0x80,0x00,0x0000
0x00,0xe6,0x7aa5,0x0000,0x00,0x00,0x0000,0x0000,0x00,0x00,0x0000
0x00,0xe3,0x7e51,0x0000,0x00,0x00,0x0000,0x0000,0x00,0x00,0x0000
0x80,0xeb,0x788b,0x8000,0x80,0x00,0x0000,0x8000,0x80,0x00,0x0000
0x00,0xfb,0x4e2a,0x0027,0x00,0x00,0x0027,0x0027,0x00,0x00,0x0027
0x80,0xec,0x5af5,0x8000,0x80,0x00,0x0000,0x8000,0x80,0x00,0x0000
0x00,0xe6,0x5b5a,0x0000,0x00,0x00,0x0000,0x0000,0x00,0x00,0x0000
0x80,0xf4,0x40f2,0x8000,0x80,0x00,0x0000,0x8000,0x80,0x00,0x0000
0x00,0xef,0x6d95,0x0000,0x00,0x00,0x0000,0x0000,0x00,0x00,0x0000
0x80,0xe2,0x54a6,0x8000,0x80,0x00,0x0000,0x8000,0x80,0x00,0x0000
0x80,0xdf,0x57da,0x8000,0x80,0x00,0x0000,0x8000,0x80,0x00,0x0000
0x80,0xfd,0x42b9,0x8085,0x80,0x00,0x0085,0x8085,0x80,0x00,0x0085
0x00,0xe2,0x7b4a,0x0000,0x00,0x00,0x0000,0x0000,0x00,0x00,0x0000
0x00,0xe4,0x5385,0x0000,0x00,0x00,0x0000,0x0000,0x00,0x00,0x0000
0x00,0xf3,0x5c0b,0x0000,0x00,0x00,0x0000,0x0000,0x00,0x00,0x0000
0x00,0xf5,0x65a1,0x0001,0x00,0x00,0x0001,0x0001,0x00,0x00,0x0001
0x00,0xf9,0x49af,0x0009,0x00,0x00,0x0009,0x0009,0x00,0x00,0x0009
0x80,0xdd,0x5d02,0x8000,0x80,0x00,0x0000,0x8000,0x80,0x00,0x0000
0x80,0xfa,0x74d6,0x801d,0x80,0x00,0x001d,0x801d,0x80,0x00,0x001d
0x80,0xe6,0x78be,0x8000,0x80,0x00,0x0000,0x8000,0x80,0x00,0x0000
0x00,0xe7,0x5e39,0x0000,0x00,0x00,0x0000,0x0000,0x00,0x00,0x0000
0x00,0xe2,0x43d0,0x0000,0x00,0x00,0x0000,0x0000,0x00,0x00,0x0000
0x80,0xea,0x5c30,0x8000,0x80,0x00,0x0000,0x8000,0x80,0x00,0x0000
0x80,0xff,0x79a4,0x83cd,0x80,0x00,0x03cd,0x83cd,0x80,0x00,0x03cd
0x00,0xe4,0x6383,0x0000,0x00,0x00,0x0000,0x0000,0x00,0x00,0x0000
0x80,0xf3,0x4cf7,0x8000,0x80,0x00,0x0000,0x8000,0x80,0x00,0x0000
0x00,0xfe,0x678c,0x019e,0x00,0x00,0x019e,0x019e,0x00,0x00,0x019e
0x00,0xec,0x4e16,0x0000,0x00,0x00,0x0000,0x0000,0x00,0x00,0x0000
0x80,0xea,0x4039,0x8000,0x80,0x00,0x0000,0x8000,0x80,0x00,0x0000
0x80,0xe5,0x6266,0x8000,0x80,0x00,0x0000,0x8000,0x80,0x00,0x0000
0x00,0xfa,0x535c,0x0015,0x00,0x00,0x0015,0x0015,0x00,0x00,0x0015
0x80,0xec,0x70ce,0x8000,0x80,0x00,0x0000,0x8000,0x80,0x00,0x0000
0x80,0xf6,0x5c49,0x8001,0x80,0x00,0x0001,0x8001,0x80,0x00,0x0001
0x80,0xe6,0x6775,0x8000,0x80,0x00,0x0000,0x8000,0x80,0x00,0x0000
0x80,0xe5,0x4b76,0x8000,0x80,0x00,0x0000,0x8000,0x80,0x00,0x0000
0x00,0xe2,0x5864,0x0000,0x00,0x00,0x0000,0x0000,0x00,0x00,0x0000
0x00,0xfa,0x64e5,0x0019,0x00,0x00,0x0019,0x0019,0x00,0x00,0x0019
0x00,0xf6,0x58b1,0x0001,0x00,0x00,0x0001,0x0001,0x00,0x00,0x0001
0x00,0xe6,0x7f62,0x0000,0x00,0x00,0x0000,0x0000,0x00,0x00,0x0000
0x80,0xec,0x52bc,0x8000,0x80,0x00,0x0000,0x8000,0x80,0x00,0x0000
0x80,0xe3,0x5678,0x8000,0x80,0x00,0x0000,0x8000,0x80,0x00,0x0000
0x00,0xe7,0x7ff9,0x0000,0x00,0x00,0x0000,0x0000,0x00,0x00,0x0000
0x00,0xf9,0x55ee,0x000b,0x00,0x00,0x000b,0x000b,0x00,0x00,0x000b
0x80,0xff,0x48e9,0x8247,0x80,0x00,0x0247,0x8247,0x80,0x00,0x0247
0x80,0xdd,0x782a,0x8000,0x80,0x00,0x0000,0x8000,0x80,0x00,0x0000
0x00,0xe6,0x6451,0x0000,0x00,0x00,0x0000,0x0000,0x00,0x00,0x0000
0x80,0xf0,0x533e,0x8000,0x80,0x00,0x0000,0x8000,0x80,0x00,0x0000
0x80,0xed,0x75f6,0x8000,0x80,0x00,0x0000,0x8000,0x80,0x00,0x0000
0x80,0xee,0x61ec,0x8000,0x80,0x00,0x0000,0x8000,0x80,0x00,0x0000
0x80,0xeb,0x4065,0x8000,0x80,0x00,0x0000,0x8000,0x80,0x00,0x0000
0x00,0xdd,0x48ae,0x0000,0x00,0x00,0x0000,0x0000,0x00,0x00,0x0000
0x00,0xfc,0x708c,0x0071,0x00,0x00,0x0071,0x0071,0x00,0x00,0x0071
0x00,0xed,0x5a04,0x0000,0x00,0x00,0x0000,0x0000,0x00,0x00,0x0000
0x80,0xf3,0x4701,0x8000,0x80,0x00,0x0000,0x8000,0x80,0x00,0x0000
0x00,0xe6,0x411a,0x0000,0x00,0x00,0x0000,0x0000,0x00,0x00,0x0000
0x80,0xf3,0x44bd,0x8000,0x80,0x00,0x0000,0x8000,0x80,0x00,0x0000
0x00,0xe2,0x5880,0x0000,0x00,0x00,0x0000,0x0000,0x00,0x00,0x0000
0x00,0xeb,0x409f,0x0000,0x00,0x00,0x0000,0x0000,0x00,0x00,0x0000
0x80,0xe4,0x5b54,0x8000,0x80,0x00,0x0000,0x8000,0x80,0x00,0x0000
0x00,0xfb,0x5f1f,0x0030,0x00,0x00,0x0030,0x0030,0x00,0x00,0x0030
0x80,0xe5,0x533c,0x8000,0x80,0x00,0x0000,0x8000,0x80,0x00,0x0000
0x80,0xe8,0x6d54,0x8000,0x80,0x00,0x0000,0x8000,0x80,0x00,0x0000
0x80,0xe8,0x670d,0x8000,0x80,0x00,0x0000,0x8000,0x80,0x00,0x0000
0x00,0xfa,0x63e8,0x0019,0x00,0x00,0x0019,0x0019,0x00,0x00,0x0019
0x80,0xe5,0x4654,0x8000,0x80,0x00,0x0000,0x8000,0x80,0x00,0x0000
0x80,0xf0,0x6c2f,0x8000,0x80,0x00,0x0000,0x8000,0x80,0x00,0x0000
0x00,0xed,0x5373,0x0000,0x00,0x00,0x0000,0x0000,0x00,0x00,0x0000
0x00,0xfb,0x611e,0x0031,0x00,0x00,0x0031,0x0031,0x00,0x00,0x0031
0x80,0xef,0x6ee4,0x8000,0x80,0x00,0x0000,0x8000,0x80,0x00,0x0000
0x00,0xec,0x7e40,0x0000,0x00,0x00,0x0000,0x0000,0x00,0x00,0x0000
0x80,0xed,0x5b93,0x8000,0x80,0x00,0x0000,0x8000,0x80,0x00,0x0000
0x00,0xe0,0x707c,0x0000,0x00,0x00,0x0000,0x0000,0x00,0x00,0x0000
0x00,0xfe,0x7dec,0x01f8,0x00,0x00,0x01f8,0x01f8,0x00,0x00,0x01f8
0x80,0xfd,0x650b,0x80ca,0x80,0x00,0x00ca,0x80ca,0x80,0x00,0x00ca
0x00,0xe5,0x4183,0x0000,0x00,0x00,0x0000,0x0000,0x00,0x00,0x0000
0x80,0xf1,0x5627,0x8000,0x80,0x00,0x0000,0x8000,0x80,0x00,0x0000
0x00,0xe4,0x4e98,0x0000,0x00,0x00,0x0000,0x0000,0x00,0x00,0x0000
0x00,0xec,0x79c5,0x0000,0x00,0x00,0x0000,0x0000,0x00,0x00,0x0000
0x80,0xfa,0x7655,0x801e,0x80,0x00,0x001e,0x801e,0x80,0x00,0x001e
0x00,0xdd,0x68c9,0x0000,0x00,0x00,0x0000,0x0000,0x00,0x00,0x0000
0x80,0xe1,0x4ea7,0x8000,0x80,0x00,0x0000,0x8000,0x80,0x00,0x0000
0x80,0xeb,0x4b83,0x8000,0x80,0x00,0x0000,0x8000,0x80,0x00,0x0000
0x80,0xf1,0x68dc,0x8000,0x80,0x00,0x0000,0x8000,0x80,0x00,0x0000
0x00,0xeb,0x4b5c,0x0000,0x00,0x00,0x0000,0x0000,0x00,0x00,0x0000
0x00,0xe9,0x542f,0x0000,0x00,0x00,0x0000,0x0000,0x00,0x00,0x0000
0x00,0xea,0x63e4,0x0000,0x00,0x00,0x0000,0x0000,0x00,0x00,0x0000
0x00,0xeb,0x471e,0x0000,0x00,0x00,0x0000,0x0000,0x00,0x00,0x0000
0x00,0xf7,0x4d44,0x0002,0x00,0x00,0x0002,0x0002,0x00,0x00,0x0002
0x00,0xfc,0x4de2,0x004e,0x00,0x00,0x004e,0x004e,0x00,0x00,0x004e
0x00,0xff,0x7d2b,0x03e9,0x00,0x00,0x03e9,0x03e9,0x00,0x00,0x03e9
0x00,0xfc,0x6752,0x0067,0x00,0x00,0x0067,0x0067,0x00,0x00,0x0067
0x00,0xe6,0x7fff,0x0000,0x00,0x00,0x0000,0x0000,0x00,0x00,0x0000
0x00,0xe7,0x47c2,0x0000,0x00,0x00,0x0000,0x0000,0x00,0x00,0x0000
0x00,0xeb,0x4eea,0x0000,0x00,0x00,0x0000,0x0000,0x00,0x00,0x0000
0x00,0xf6,0x62d0,0x0002,0x00,0x00,0x0002,0x0002,0x00,0x00,0x0002
0x00,0xe3,0x5c1a,0x0000,0x00,0x00,0x0000,0x0000,0x00,0x00,0x0000
0x00,0xec,0x5bdc,0x0000,0x00,0x00,0x0000,0x0000,0x00,0x00,0x0000
0x80,0xde,0x456d,0x8000,0x80,0x00,0x0000,0x8000,0x80,0x00,0x0000
0x80,0xfc,0x50ed,0x8051,0x80,0x00,0x0051,0x8051,0x80,0x00,0x0051
0x00,0xf4,0x4e6e,0x0000,0x00,0x00,0x0000,0x0000,0x00,0x00,0x0000
0x80,0xfc,0x49a2,0x804a,0x80,0x00,0x004a,0x804a,0x80,0x00,0x004a
0x00,0xf2,0x40e0,0x0000,0x00,0x00,0x0000,0x0000,0x00,0x00,0x0000
0x00,0xf1,0x40c6,0x0000,0x00,0x00,0x0000,0x0000,0x00,0x00,0x0000
0x00,0xe1,0x6480,0x0000,0x00,0x00,0x0000,0x0000,0x00,0x00,0x0000
0x80,0xfe,0x54a6,0x8153,0x80,0x00,0x0153,0x8153,0x80,0x00,0x0153
0x80,0xfc,0x65c7,0x8066,0x80,0x00,0x0066,0x8066,0x80,0x00,0x0066
0x00,0xec,0x68e5,0x0000,0x00,0x00,0x0000,0x0000,0x00,0x00,0x0000
0x80,0xfe,0x4bb1,0x812f,0x80,0x00,0x012f,0x812f,0x80,0x00,0x012f
0x80,0xde,0x44a9,0x8000,0x80,0x00,0x0000,0x8000,0x80,0x00,0x0000
0x00,0xf8,0x7f6f,0x0008,0x00,0x00,0x0008,0x0008,0x00,0x00,0x0008
0x00,0xe2,0x447e,0x0000,0x00,0x00,0x0000,0x0000,0x00,0x00,0x0000
0x80,0xe1,0x782d,0x8000,0x80,0x00,0x0000,0x8000,0x80,0x00,0x0000
0x80,0xe9,0x5350,0x8000,0x80,0x00,0x0000,0x8000,0x80,0x00,0x0000
0x00,0xf8,0x5474,0x0005,0x00,0x00,0x0005,0x0005,0x00,0x00,0x0005
0x00,0xf8,0x4bc8,0x0005,0x00,0x00,0x0005,0x0005,0x00,0x00,0x0005
0x80,0xe1,0x63a0,0x8000,0x80,0x00,0x0000,0x8000,0x80,0x00,0x0000
0x00,0xe5,0x73d6,0x0000,0x00,0x00,0x0000,0x0000,0x00,0x00,0x0000
0x00,0xf1,0x73d0,0x0000,0x00,0x00,0x0000,0x0000,0x00,0x00,0x0000
0x80,0xde,0x7001,0x8000,0x80,0x00,0x0000,0x8000,0x80,0x00,0x0000
0x00,0xe3,0x5082,0x0000,0x00,0x00,0x0000,0x0000,0x00,0x00,0x0000
0x00,0xf0,0x697e,0x0000,0x00,0x00,0x0000,0x0000,0x00,0x00,0x0000
0x80,0xec,0x5a60,0x8000,0x80,0x00,0x0000,0x8000,0x80,0x00,0x0000
0x00,0xfc,0x57da,0x0058,0x00,0x00,0x0058,0x0058,0x00,0x00,0x0058
0x00,0xf9,0x4785,0x0009,0x00,0x00,0x0009,0x0009,0x00,0x00,0x0009
0x80,0xe2,0x6800,0x8000,0x80,0x00,0x0000,0x8000,0x80,0x00,0x0000
0x00,0xed,0x43f8,0x0000,0x00,0x00,0x0000,0x0000,0x00,0x00,0x0000
0x00,0xf6,0x722c,0x0002,0x00,0x00,0x0002,0x0002,0x00,0x00,0x0002
0x80,0xed,0x660e,0x8000,0x80,0x00,0x0000,0x8000,0x80,0x00,0x0000
0x80,0xdf,0x7098,0x8000,0x80,0x00,0x0000,0x8000,0x80,0x00,0x0000
0x00,0xf1,0x5e21,0x0000,0x00,0x00,0x0000,0x0000,0x00,0x00,0x0000
0x80,0xf7,0x6154,0x8003,0x80,0x00,0x0003,0x8003,0x80,0x00,0x0003
0x00,0xe7,0x45b5,0x0000,0x00,0x00,0x0000,0x0000,0x00,0x00,0x0000
0x00,0xed,0x7607,0x0000,0x00,0x00,0x0000,0x0000,0x00,0x00,0x0000
0x80,0xea,0x44fe,0x8000,0x80,0x00,0x0000,0x8000,0x80,0x00,0x0000
0x80,0xf0,0x6747,0x8000,0x80,0x00,0x0000,0x8000,0x80,0x00,0x0000
0x00,0xfe,0x6680,0x019a,0x00,0x00,0x019a,0x019a,0x00,0x00,0x019a
0x00,0xe2,0x7fab,0x0000,0x00,0x00,0x0000,0x0000,0x00,0x00,0x0000
0x00,0xf2,0x5116,0x0000,0x00,0x00,0x0000,0x0000,0x00,0x00,0x0000
0x00,0xfe,0x7d57,0x01f5,0x00,0x00,0x01f5,0x01f5,0x00,0x00,0x01f5
0x80,0xfc,0x76ca,0x8077,0x80,0x00,0x0077,0x8077,0x80,0x00,0x0077
0x00,0xde,0x6707,0x0000,0x00,0x00,0x0000,0x0000,0x00,0x00,0x0000
0x80,0xe7,0x62a2,0x8000,0x80,0x00,0x0000,0x8000,0x80,0x00,0x0000
0x00,0xf1,0x45fb,0x0000,0x00,0x00,0x0000,0x0000,0x00,0x00,0x0000
0x00,0xfc,0x7386,0x0074,0x00,0x00,0x0074,0x0074,0x00,0x00,0x0074
0x00,0xf6,0x5421,0x0001,0x00,0x00,0x0001,0x0001,0x00,0x00,0x0001
0x00,0xfd,0x5ba1,0x00b7,0x00,0x00,0x00b7,0x00b7,0x00,0x00,0x00b7
0x80,0xe9,0x5586,0x8000,0x80,0x00,0x0000,0x8000,0x80,0x00,0x0000
0x00,0xeb,0x510d,0x0000,0x00,0x00,0x0000,0x0000,0x00,0x00,0x0000
0x80,0xfa,0x4502,0x8011,0x80,0x00,0x0011,0x8011,0x80,0x00,0x0011
0x00,0xfc,0x69ce,0x006a,0x00,0x00,0x006a,0x006a,0x00,0x00,0x006a
0x80,0xea,0x565c,0x8000,0x80,0x00,0x0000,0x8000,0x80,0x00,0x0000
0x80,0xf6,0x776c,0x8002,0x80,0x00,0x0002,0x8002,0x80,0x00,0x0002
0x00,0xe7,0x5213,0x0000,0x00,0x00,0x0000,0x0000,0x00,0x00,0x0000
0x00,0xe2,0x75dd,0x0000,0x00,0x00,0x0000,0x0000,0x00,0x00,0x0000
0x80,0xf7,0x468c,0x8002,0x80,0x00,0x0002,0x8002,0x80,0x00,0x0002
0x00,0xe8,0x5fc3,0x0000,0x00,0x00,0x0000,0x0000,0x00,0x00,0x0000
0x00,0xfc,0x56e0,0x0057,0x00,0x00,0x0057,0x0057,0x00,0x00,0x0057
0x80,0xf8,0x6f80,0x8007,0x80,0x00,0x0007,0x8007,0x80,0x00,0x0007
0x80,0xf7,0x71fc,0x8004,0x80,0x00,0x0004,0x8004,0x80,0x00,0x0004
0x00,0xec,0x6512,0x0000,0x00,0x00,0x0000,0x0000,0x00,0x00,0x0000
0x00,0xfe,0x49c3,0x0127,0x00,0x00,0x0127,0x0127,0x00,0x00,0x0127
0x00,0xed,0x47fe,0x0000,0x00,0x00,0x0000,0x0000,0x00,0x00,0x0000
0x00,0xe1,0x58a2,0x0000,0x00,0x00,0x0000,0x0000,0x00,0x00,0x0000
0x00,0xe3,0x50ea,0x0000,0x00,0x00,0x0000,0x0000,0x00,0x00,0x0000
0x00,0xe7,0x5aaf,0x0000,0x00,0x00,0x0000,0x0000,0x00,0x00,0x0000
0x80,0xf0,0x47a3,0x8000,0x80,0x00,0x0000,0x8000,0x80,0x00,0x0000
0x00,0xfe,0x5f82,0x017e,0x00,0x00,0x017e,0x017e,0x00,0x00,0x017e
0x80,0xee,0x6c33,0x8000,0x80,0x00,0x0000,0x8000,0x80,0x00,0x0000
0x80,0xdf,0x7186,0x8000,0x80,0x00,0x0000,0x8000,0x80,0x00,0x0000
0x80,0xf2,0x5327,0x8000,0x80,0x00,0x0000,0x8000,0x80,0x00,0x0000
0x80,0xfd,0x75ae,0x80eb,0x80,0x00,0x00eb,0x80eb,0x80,0x00,0x00eb
0x00,0xe7,0x778d,0x0000,0x00,0x00,0x0000,0x0000,0x00,0x00,0x0000
0x00,0xf7,0x7c7a,0x0004,0x00,0x00,0x0004,0x0004,0x00,0x00,0x0004
0x80,0xe8,0x4829,0x8000,0x80,0x00,0x0000,0x8000,0x80,0x00,0x0000
0x80,0xec,0x7090,0x8000,0x80,0x00,0x0000,0x8000,0x80,0x00,0x0000
0x00,0xeb,0x475e,0x0000,0x00,0x00,0x0000,0x0000,0x00,0x00,0x0000
0x00,0xe3,0x59d3,0x0000,0x00,0x00,0x0000,0x0000,0x00,0x00,0x0000
0x80,0xf4,0x4cbc,0x8000,0x80,0x00,0x0000,0x8000,0x80,0x00,0x0000
0x00,0xdf,0x5ced,0x0000,0x00,0x00,0x0000,0x0000,0x00,0x00,0x0000
0x00,0xe4,0x7da1,0x0000,0x00,0x00,0x0000,0x0000,0x00,0x00,0x0000
0x00,0xed,0x6d32,0x0000,0x00,0x00,0x0000,0x0000,0x00,0x00,0x0000
0x00,0xfd,0x7016,0x00e0,0x00,0x00,0x00e0,0x00e0,0x00,0x00,0x00e0
0x00,0xf1,0x5847,0x0000,0x00,0x00,0x0000,0x0000,0x00,0x00,0x0000
0x80,0xfa,0x7cd1,0x801f,0x80,0x00,0x001f,0x801f,0x80,0x00,0x001f
0x00,0xee,0x7eaa,0x0000,0x00,0x00,0x0000,0x0000,0x00,0x00,0x0000
0x80,0xed,0x444c,0x8000,0x80,0x00,0x0000,0x8000,0x80,0x00,0x0000
0x80,0xf4,0x5742,0x8000,0x80,0x00,0x0000,0x8000,0x80,0x00,0x0000
0x00,0xff,0x641b,0x0321,0x00,0x00,0x0321,0x0321,0x00,0x00,0x0321
0x00,0xe3,0x67a3,0x0000,0x00,0x00,0x0000,0x0000,0x00,0x00,0x0000
0x80,0xf7,0x6fdb,0x8003,0x80,0x00,0x0003,0x8003,0x80,0x00,0x0003
0x00,0xfd,0x4d78,0x009b,0x00,0x00,0x009b,0x009b,0x00,0x00,0x009b
0x80,0xe0,0x7a7c,0x8000,0x80,0x00,0x0000,0x8000,0x80,0x00,0x0000
0x80,0xe5,0x5466,0x8000,0x80,0x00,0x0000,0x8000,0x80,0x00,0x0000
0x80,0xf1,0x5053,0x8000,0x80,0x00,0x0000,0x8000,0x80,0x00,0x0000
0x00,0xe2,0x6940,0x0000,0x00,0x00,0x0000,0x0000,0x00,0x00,0x0000
0x80,0xfb,0x5dde,0x802f,0x80,0x00,0x002f,0x802f,0x80,0x00,0x002f
0x80,0xf9,0x73d5,0x800e,0x80,0x00,0x000e,0x800e,0x80,0x00,0x000e
0x80,0xeb,0x464a,0x8000,0x80,0x00,0x0000,0x8000,0x80,0x00,0x0000
0x00,0xf2,0x560e,0x0000,0x00,0x00,0x0000,0x0000,0x00,0x00,0x0000
0x00,0xe3,0x7c4e,0x0000,0x00,0x00,0x0000,0x0000,0x00,0x00,0x0000
0x00,0xf7,0x7983,0x0004,0x00,0x00,0x0004,0x0004,0x00,0x00,0x0004
0x80,0xf3,0x755c,0x8000,0x80,0x00,0x0000,0x8000,0x80,0x00,0x0000
0x00,0xf6,0x587c,0x0001,0x00,0x00,0x0001,0x0001,0x00,0x00,0x0001
0x00,0xf8,0x53de,0x0005,0x00,0x00,0x0005,0x0005,0x00,0x00,0x0005
0x00,0xe4,0x72ba,0x0000,0x00,0x00,0x0000,0x0000,0x00,0x00,0x0000
0x80,0xf8,0x4b24,0x8005,0x80,0x00,0x0005,0x8005,0x80,0x00,0x0005
0x80,0xeb,0x5724,0x8000,0x80,0x00,0x0000,0x8000,0x80,0x00,0x0000
0x00,0xf3,0x61de,0x0000,0x00,0x00,0x0000,0x0000,0x00,0x00,0x0000
0x80,0xfb,0x6cbb,0x8036,0x80,0x00,0x0036,0x8036,0x80,0x00,0x0036
0x80,0xe9,0x5304,0x8000,0x80,0x00,0x0000,0x8000,0x80,0x00,0x0000
0x80,0xdf,0x62ab,0x8000,0x80,0x00,0x0000,0x8000,0x80,0x00,0x0000
0x80,0xea,0x50da,0x8000,0x80,0x00,0x0000,0x8000,0x80,0x00,0x0000
0x80,0xfd,0x584d,0x80b1,0x80,0x00,0x00b1,0x80b1,0x80,0x00,0x00b1
0x00,0xfb,0x5184,0x0029,0x00,0x00,0x0029,0x0029,0x00,0x00,0x0029
0x80,0xee,0x517a,0x8000,0x80,0x00,0x0000,0x8000,0x80,0x00,0x0000
0x00,0xfe,0x5e76,0x017a,0x00,0x00,0x017a,0x017a,0x00,0x00,0x017a
0x80,0xdd,0x7934,0x8000,0x80,0x00,0x0000,0x8000,0x80,0x00,0x0000
0x00,0xf1,0x521c,0x0000,0x00,0x00,0x0000,0x0000,0x00,0x00,0x0000
0x00,0xfb,0x64b4,0x0032,0x00,0x00,0x0032,0x0032,0x00,0x00,0x0032
0x00,0xe2,0x48f6,0x0000,0x00,0x00,0x0000,0x0000,0x00,0x00,0x0000
0x80,0xe3,0x72aa,0x8000,0x80,0x00,0x0000,0x8000,0x80,0x00,0x0000
0x00,0xed,0x6204,0x0000,0x00,0x00,0x0000,0x0000,0x00,0x00,0x0000
0x80,0xf4,0x642a,0x8000,0x80,0x00,0x0000,0x8000,0x80,0x00,0x0000
0x80,0xeb,0x6170,0x8000,0x80,0x00,0x0000,0x8000,0x80,0x00,0x0000
0x80,0xea,0x58dc,0x8000,0x80,0x00,0x0000,0x8000,0x80,0x00,0x0000
0x00,0xe0,0x7b5a,0x0000,0x00,0x00,0x0000,0x0000,0x00,0x00,0x0000
0x00,0xdf,0x47a1,0x0000,0x00,0x00,0x0000,0x0000,0x00,0x00,0x0000
0x80,0xdf,0x7356,0x8000,0x80,0x00,0x0000,0x8000,0x80,0x00,0x0000
0x80,0xfe,0x4028,0x8101,0x80,0x00,0x0101,0x8101,0x80,0x00,0x0101
0x80,0xde,0x6123,0x8000,0x80,0x00,0x0000,0x8000,0x80,0x00,0x0000
0x00,0xf7,0x6893,0x0003,0x00,0x00,0x0003,0x0003,0x00,0x00,0x0003
0x80,0xf4,0x7635,0x8000,0x80,0x00,0x0000,0x8000,0x80,0x00,0x0000
0x00,0xed,0x5245,0x0000,0x00,0x00,0x0000,0x0000,0x00,0x00,0x0000
0x80,0xfc,0x74e8,0x8075,0x80,0x00,0x0075,0x8075,0x80,0x00,0x0075
0x00,0xfa,0x530a,0x0015,0x00,0x00,0x0015,0x0015,0x00,0x00,0x0015
0x00,0xdd,0x5ea9,0x0000,0x00,0x00,0x0000,0x0000,0x00,0x00,0x0000
0x80,0xff,0x6822,0x8341,0x80,0x00,0x0341,0x8341,0x80,0x00,0x0341
0x80,0xf2,0x4190,0x8000,0x80,0x00,0x0000,0x8000,0x80,0x00,0x0000
0x80,0xfa,0x6ac4,0x801b,0x80,0x00,0x001b,0x801b,0x80,0x00,0x001b
0x00,0xe1,0x5e6e,0x0000,0x00,0x00,0x0000,0x0000,0x00,0x00,0x0000
0x80,0xff,0x59ae,0x82cd,0x80,0x00,0x02cd,0x82cd,0x80,0x00,0x02cd
0x00,0xf6,0x458f,0x0001,0x00,0x00,0x0001,0x0001,0x00,0x00,0x0001
0x80,0xf4,0x5867,0x8000,0x80,0x00,0x0000,0x8000,0x80,0x00,0x0000
0x80,0xfc,0x7911,0x8079,0x80,0x00,0x0079,0x8079,0x80,0x00,0x0079
0x00,0xe4,0x620b,0x0000,0x00,0x00,0x0000,0x0000,0x00,0x00,0x0000
0x80,0xea,0x501e,0x8000,0x80,0x00,0x0000,0x8000,0x80,0x00,0x0000
0x80,0xff,0x609b,0x8305,0x80,0x00,0x0305,0x8305,0x80,0x00,0x0305
0x80,0xfe,0x62ad,0x818b,0x80,0x00,0x018b,0x818b,0x80,0x00,0x018b
0x00,0xff,0x6309,0x0318,0x00,0x00,0x0318,0x0318,0x00,0x00,0x0318
0x00,0xf0,0x7eb2,0x0000,0x00,0x00,0x0000,0x0000,0x00,0x00,0x0000
0x00,0xff,0x4e43,0x0272,0x00,0x00,0x0272,0x0272,0x00,0x00,0x0272
0x00,0xf4,0x76bf,0x0000,0x00,0x00,0x0000,0x0000,0x00,0x00,0x0000
0x80,0xde,0x5ae7,0x8000,0x80,0x00,0x0000,0x8000,0x80,0x00,0x0000
0x00,0xff,0x4f7e,0x027c,0x00,0x00,0x027c,0x027c,0x00,0x00,0x027c
0x80,0xf0,0x5333,0x8000,0x80,0x00,0x0000,0x8000,0x80,0x00,0x0000
0x80,0xdf,0x494d,0x8000,0x80,0x00,0x0000,0x8000,0x80,0x00,0x0000
0x00,0xfe,0x7ec2,0x01fb,0x00,0x00,0x01fb,0x01fb,0x00,0x00,0x01fb
0x80,0xff,0x43ce,0x821e,0x80,0x00,0x021e,0x821e,0x80,0x00,0x021e
0x80,0xe3,0x6d7b,0x8000,0x80,0x00,0x0000,0x8000,0x80,0x00,0x0000
0x00,0xe1,0x7091,0x0000,0x00,0x00,0x0000,0x0000,0x00,0x00,0x0000
0x00,0xfb,0x5bba,0x002e,0x00,0x00,0x002e,0x002e,0x00,0x00,0x002e
0x80,0xe8,0x49ea,0x8000,0x80,0x00,0x0000,0x8000,0x80,0x00,0x0000
0x80,0xf9,0x7526,0x800f,0x80,0x00,0x000f,0x800f,0x80,0x00,0x000f
0x80,0xef,0x76ee,0x8000,0x80,0x00,0x0000,0x8000,0x80,0x00,0x0000
0x00,0xe7,0x6cad,0x0000,0x00,0x00,0x0000,0x0000,0x00,0x00,0x0000
0x00,0xf6,0x6847,0x0002,0x00,0x00,0x0002,0x0002,0x00,0x00,0x0002
0x80,0xfb,0x54d9,0x802a,0x80,0x00,0x002a,0x802a,0x80,0x00,0x002a
0x80,0xfc,0x562e,0x8056,0x80,0x00,0x0056,0x8056,0x80,0x00,0x0056
0x00,0xdd,0x59e5,0x0000,0x00,0x00,0x0000,0x0000,0x00,0x00,0x0000
0x80,0xdd,0x79bd,0x8000,0x80,0x00,0x0000,0x8000,0x80,0x00,0x0000
0x00,0xe1,0x7dde,0x0000,0x00,0x00,0x0000,0x0000,0x00,0x00,0x0000
0x80,0xe4,0x7355,0x8000,0x80,0x00,0x0000,0x8000,0x80,0x00,0x0000
0x80,0xe6,0x6bff,0x8000,0x80,0x00,0x0000,0x8000,0x80,0x00,0x0000
0x00,0xfe,0x7ac6,0x01eb,0x00,0x00,0x01eb,0x01eb,0x00,0x00,0x01eb
0x00,0xf1,0x683e,0x0000,0x00,0x00,0x0000,0x0000,0x00,0x00,0x0000
0x80,0xf6,0x4923,0x8001,0x80,0x00,0x0001,0x8001,0x80,0x00,0x0001
0x80,0xee,0x603a,0x8000,0x80,0x00,0x0000,0x8000,0x80,0x00,0x0000
0x80,0xf9,0x56c9,0x800b,0x80,0x00,0x000b,0x800b,0x80,0x00,0x000b
0x00,0xed,0x7d1b,0x0000,0x00,0x00,0x0000,0x0000,0x00,0x00,0x0000
0x00,0xf9,0x7579,0x000f,0x00,0x00,0x000f,0x000f,0x00,0x00,0x000f
