r,g,b,h,s,v,c,m,y,k,hex,name
208,49,45,0.0041,0.7837,0.8157,0.0,0.7644,0.7837,0.1843,D0312D,Red
153,15,2,0.0143,0.9869,0.6,0.0,0.902,0.9869,0.4,990F02,Cherry Red
227,36,43,0.9939,0.8414,0.8902,0.0,0.8414,0.8106,0.1098,E3242B,Rose
96,16,11,0.0098,0.8854,0.3765,0.0,0.8333,0.8854,0.6235,60100B,Jam
84,30,27,0.0088,0.6786,0.3294,0.0,0.6429,0.6786,0.6706,541E1B,Merlot
97,12,4,0.0143,0.9588,0.3804,0.0,0.8763,0.9588,0.6196,610C04,Garnet
185,14,10,0.0038,0.9459,0.7255,0.0,0.9243,0.9459,0.2745,B90E0A,Crimson
144,6,3,0.0035,0.9792,0.5647,0.0,0.9583,0.9792,0.4353,900603,Ruby
144,13,9,0.0049,0.9375,0.5647,0.0,0.9097,0.9375,0.4353,900D09,Scarlet
78,7,7,0.0,0.9103,0.3059,0.0,0.9103,0.9103,0.6941,4E0707,Wine
126,40,17,0.0352,0.8651,0.4941,0.0,0.6825,0.8651,0.5059,7E2811,Brick
169,27,13,0.015,0.9231,0.6627,0.0,0.8402,0.9231,0.3373,A91B0D,Apple
66,12,9,0.0088,0.8636,0.2588,0.0,0.8182,0.8636,0.7412,420C09,Mahogany
113,12,4,0.0122,0.9646,0.4431,0.0,0.8938,0.9646,0.5569,710C04,Blood
94,25,22,0.0069,0.766,0.3686,0.0,0.734,0.766,0.6314,5E1916,Sangria Red
122,23,18,0.008,0.8525,0.4784,0.0,0.8115,0.8525,0.5216,7A1712,Berry
104,12,7,0.0086,0.9327,0.4078,0.0,0.8846,0.9327,0.5922,680C07,Currant
188,84,75,0.0133,0.6011,0.7373,0.0,0.5532,0.6011,0.2627,BC544B,Blush Red
210,20,4,0.0129,0.981,0.8235,0.0,0.9048,0.981,0.1765,D21404,Candy
155,16,3,0.0143,0.9806,0.6078,0.0,0.8968,0.9806,0.3922,9B1003,Lipstick
150,0,24,0.9733,1.0,0.5882,0.0,1.0,0.84,0.4118,960018,Carmine
202,52,51,0.0011,0.7475,0.7922,0.0,0.7426,0.7475,0.2078,CA3433,Persian Red
126,25,27,0.9967,0.8016,0.4941,0.0,0.8016,0.7857,0.5059,7E191B,Vermilion
237,41,57,0.9864,0.827,0.9294,0.0,0.827,0.7595,0.0706,ED2939,Imperial Red
205,92,92,0.0,0.5512,0.8039,0.0,0.5512,0.5512,0.1961,CD5C5C,Indian Red
194,24,7,0.0152,0.9639,0.7608,0.0,0.8763,0.9639,0.2392,C21807,Chili Red
128,0,0,0.0,1.0,0.502,0.0,1.0,1.0,0.498,800000,Maroon
178,34,34,0.0,0.809,0.698,0.0,0.809,0.809,0.302,B22222,Fire Brick
234,60,83,0.978,0.7436,0.9176,0.0,0.7436,0.6453,0.0824,EA3C53,Desire
210,31,60,0.973,0.8524,0.8235,0.0,0.8524,0.7143,0.1765,D21F3C,Raspberry
255,8,0,0.0052,1.0,1.0,0.0,0.9686,1.0,0.0,FF0800,Candy Apple
180,55,87,0.9573,0.6944,0.7059,0.0,0.6944,0.5167,0.2941,B43757,Hibiscus
191,10,48,0.965,0.9476,0.749,0.0,0.9476,0.7487,0.251,BF0A30,U.S. Flag
255,40,0,0.0261,1.0,1.0,0.0,0.8431,1.0,0.0,FF2800,Ferrari
141,2,31,0.9652,0.9858,0.5529,0.0,0.9858,0.7801,0.4471,8D021F,Burgundy
139,0,0,0.0,1.0,0.5451,0.0,1.0,1.0,0.4549,8B0000,Dark Red
208,61,51,0.0106,0.7548,0.8157,0.0,0.7067,0.7548,0.1843,D03D33,Prismatic Red
170,0,0,0.0,1.0,0.6667,0.0,1.0,1.0,0.3333,AA0000,49Ers Red
189,32,49,0.982,0.8307,0.7412,0.0,0.8307,0.7407,0.2588,BD2031,Cardinals Red
210,18,46,0.9757,0.9143,0.8235,0.0,0.9143,0.781,0.1765,D2122E,Ajax Red
158,27,50,0.9707,0.8291,0.6196,0.0,0.8291,0.6835,0.3804,9E1B32,Alabama Crimson
227,38,54,0.9859,0.8326,0.8902,0.0,0.8326,0.7621,0.1098,E32636,Alizarin Crimson
244,54,76,0.9807,0.7787,0.9569,0.0,0.7787,0.6885,0.0431,F4364C,Amaranth Red
255,3,62,0.961,0.9882,1.0,0.0,0.9882,0.7569,0.0,FF033E,American Rose
186,0,33,0.9704,1.0,0.7294,0.0,1.0,0.8226,0.2706,BA0021,Angels Red
219,0,7,0.9947,1.0,0.8588,0.0,1.0,0.968,0.1412,DB0007,Arsenal Red
165,42,42,0.0,0.7455,0.6471,0.0,0.7455,0.7455,0.3529,A52A2A,Auburn Red
204,0,0,0.0,1.0,0.8,0.0,1.0,1.0,0.2,CC0000,Bu Scarlet
198,12,48,0.9677,0.9394,0.7765,0.0,0.9394,0.7576,0.2235,C60C30,Bills Red
191,79,81,0.997,0.5864,0.749,0.0,0.5864,0.5759,0.251,BF4F51,Bittersweet Shimmer
237,112,20,0.0707,0.9156,0.9294,0.0,0.5274,0.9156,0.0706,ED7014,Orange
250,129,40,0.0706,0.84,0.9804,0.0,0.484,0.84,0.0196,FA8128,Tangerine
252,174,30,0.1081,0.881,0.9882,0.0,0.3095,0.881,0.0118,FCAE1E,Merigold
181,103,39,0.0751,0.7845,0.7098,0.0,0.4309,0.7845,0.2902,B56727,Cider
141,64,4,0.073,0.9716,0.5529,0.0,0.5461,0.9716,0.4471,8D4004,Rust
190,85,4,0.0726,0.9789,0.7451,0.0,0.5526,0.9789,0.2549,BE5504,Ginger
252,106,3,0.0689,0.9881,0.9882,0.0,0.5794,0.9881,0.0118,FC6A03,Tiger
221,87,28,0.0509,0.8733,0.8667,0.0,0.6063,0.8733,0.1333,DD571C,Fire
178,86,13,0.0737,0.927,0.698,0.0,0.5169,0.927,0.302,B2560D,Bronze
253,161,114,0.0564,0.5494,0.9922,0.0,0.3636,0.5494,0.0078,FDA172,Cantaloupe
237,130,14,0.0867,0.9409,0.9294,0.0,0.4515,0.9409,0.0706,ED820E,Apricot
128,64,11,0.0755,0.9141,0.502,0.0,0.5,0.9141,0.498,80400B,Clay
236,151,6,0.1051,0.9746,0.9255,0.0,0.3602,0.9746,0.0745,EC9706,Honey
237,113,23,0.0701,0.903,0.9294,0.0,0.5232,0.903,0.0706,ED7117,Carrot
201,91,12,0.0697,0.9403,0.7882,0.0,0.5473,0.9403,0.2118,C95B0C,Squash
122,56,3,0.0742,0.9754,0.4784,0.0,0.541,0.9754,0.5216,7A3803,Spice
209,96,2,0.0757,0.9904,0.8196,0.0,0.5407,0.9904,0.1804,D16002,Marmalade
137,49,1,0.0588,0.9927,0.5373,0.0,0.6423,0.9927,0.4627,893101,Amber
214,114,41,0.0703,0.8084,0.8392,0.0,0.4673,0.8084,0.1608,D67229,Sandstone
204,88,1,0.0714,0.9951,0.8,0.0,0.5686,0.9951,0.2,CC5801,Yam
252,76,2,0.0493,0.9921,0.9882,0.0,0.6984,0.9921,0.0118,FC4C02,Tangelo
227,74,39,0.031,0.8282,0.8902,0.0,0.674,0.8282,0.1098,E34A27,Flame
230,128,0,0.0928,1.0,0.902,0.0,0.4435,1.0,0.098,E68000,Fulvous
255,140,0,0.0915,1.0,1.0,0.0,0.451,1.0,0.0,FF8C00,Dark Orange
255,94,14,0.0553,0.9451,1.0,0.0,0.6314,0.9451,0.0,FF5E0E,Vivid Orange
255,69,0,0.0451,1.0,1.0,0.0,0.7294,1.0,0.0,FF4500,Orange-Red
226,99,16,0.0659,0.9292,0.8863,0.0,0.5619,0.9292,0.1137,E26310,Metallic Orange
245,118,26,0.07,0.8939,0.9608,0.0,0.5184,0.8939,0.0392,F5761A,Pumpkin
253,103,58,0.0385,0.7708,0.9922,0.0,0.5929,0.7708,0.0078,FD673A,Smashed Pumpkin
255,79,0,0.0516,1.0,1.0,0.0,0.6902,1.0,0.0,FF4F00,International Orange
240,97,5,0.0652,0.9792,0.9412,0.0,0.5958,0.9792,0.0588,F06105,Spanish Orange
255,143,0,0.0935,1.0,1.0,0.0,0.4392,1.0,0.0,FF8F00,Princeton Orange
255,165,44,0.0956,0.8275,1.0,0.0,0.3529,0.8275,0.0,FFA52C,Deep Saffron
195,82,20,0.059,0.8974,0.7647,0.0,0.5795,0.8974,0.2353,C35214,Alloy Orange
238,89,33,0.0455,0.8613,0.9333,0.0,0.6261,0.8613,0.0667,EE5921,Halloween Orange
232,150,17,0.1031,0.9267,0.9098,0.0,0.3534,0.9267,0.0902,E89611,Gamboge
207,91,46,0.0466,0.7778,0.8118,0.0,0.5604,0.7778,0.1882,CF5B2E,Medium Vermilion
254,186,79,0.1019,0.689,0.9961,0.0,0.2677,0.689,0.0039,FEBA4F,Pastel Orange
242,110,1,0.0754,0.9959,0.949,0.0,0.5455,0.9959,0.051,F26E01,Philippine Orange
255,153,68,0.0758,0.7333,1.0,0.0,0.4,0.7333,0.0,FF9944,Royal Orange
255,127,80,0.0448,0.6863,1.0,0.0,0.502,0.6863,0.0,FF7F50,Coral
215,83,65,0.02,0.6977,0.8431,0.0,0.614,0.6977,0.1569,D75341,Dark Coral
230,129,47,0.0747,0.7957,0.902,0.0,0.4391,0.7957,0.098,E6812F,Cadmium Orange
250,186,95,0.0978,0.62,0.9804,0.0,0.256,0.62,0.0196,FABA5F,Rajah
251,136,66,0.0631,0.7371,0.9843,0.0,0.4582,0.7371,0.0157,FB8842,Mango Tango
255,159,0,0.1039,1.0,1.0,0.0,0.3765,1.0,0.0,FF9F00,Orange Peel
236,118,37,0.0678,0.8432,0.9255,0.0,0.5,0.8432,0.0745,EC7625,Vivid Tangelo
236,88,0,0.0621,1.0,0.9255,0.0,0.6271,1.0,0.0745,EC5800,Persimmon
255,60,0,0.0392,1.0,1.0,0.0,0.7647,1.0,0.0,FF3C00,Browns Orange
204,85,0,0.0694,1.0,0.8,0.0,0.5833,1.0,0.2,CC5500,Burnt Orange
230,219,172,0.1351,0.2522,0.902,0.0,0.0478,0.2522,0.098,E6DBAC,Tan
238,220,154,0.131,0.3529,0.9333,0.0,0.0756,0.3529,0.0667,EEDC9A,Beige
249,224,118,0.1349,0.5261,0.9765,0.0,0.1004,0.5261,0.0235,F9E076,Macaroon
201,187,142,0.1271,0.2935,0.7882,0.0,0.0697,0.2935,0.2118,C9BB8E,Hazel Wood
214,184,90,0.1263,0.5794,0.8392,0.0,0.1402,0.5794,0.1608,D6B85A,Granola
223,201,138,0.1235,0.3812,0.8745,0.0,0.0987,0.3812,0.1255,DFC98A,Oat
250,226,156,0.1241,0.376,0.9804,0.0,0.096,0.376,0.0196,FAE29C,Egg Nog
200,169,81,0.1232,0.595,0.7843,0.0,0.155,0.595,0.2157,C8A951,Fawn
243,234,175,0.1446,0.2798,0.9529,0.0,0.037,0.2798,0.0471,F3EAAF,Sugar Cookie
216,184,99,0.1211,0.5417,0.8471,0.0,0.1481,0.5417,0.1529,D8B863,Sand
227,183,120,0.0981,0.4714,0.8902,0.0,0.1938,0.4714,0.1098,E3B778,Sepia
231,194,125,0.1085,0.4589,0.9059,0.0,0.1602,0.4589,0.0941,E7C27D,Latte
220,215,160,0.1528,0.2727,0.8627,0.0,0.0227,0.2727,0.1373,DCD7A0,Oyster
227,197,101,0.127,0.5551,0.8902,0.0,0.1322,0.5551,0.1098,E3C565,Biscotti
253,233,146,0.1355,0.4229,0.9922,0.0,0.0791,0.4229,0.0078,FDE992,Parmesan
189,165,93,0.125,0.5079,0.7412,0.0,0.127,0.5079,0.2588,BDA55D,Hazelnut
218,193,124,0.1223,0.4312,0.8549,0.0,0.1147,0.4312,0.1451,DAC17C,Sandcastle
253,239,178,0.1356,0.2964,0.9922,0.0,0.0553,0.2964,0.0078,FDEFB2,Buttermilk
237,232,186,0.1503,0.2152,0.9294,0.0,0.0211,0.2152,0.0706,EDE8BA,Sand Dollar
251,231,144,0.1355,0.4263,0.9843,0.0,0.0797,0.4263,0.0157,FBE790,Shortbread
228,208,10,0.1514,0.9561,0.8941,0.0,0.0877,0.9561,0.1059,E4D00A,Citrine
238,220,130,0.1389,0.4538,0.9333,0.0,0.0756,0.4538,0.0667,EEDC82,Flax
238,237,9,0.1659,0.9622,0.9333,0.0,0.0042,0.9622,0.0667,EEED09,Xanthic
255,253,55,0.165,0.7843,1.0,0.0,0.0078,0.7843,0.0,FFFD37,Sunshine Yellow
255,239,0,0.1562,1.0,1.0,0.0,0.0627,1.0,0.0,FFEF00,Canary Yellow
253,255,0,0.168,1.0,1.0,0.0078,0.0,1.0,0.0,FDFF00,Lemon Yellow
238,232,170,0.152,0.2857,0.9333,0.0,0.0252,0.2857,0.0667,EEE8AA,Pale Goldenrod
240,230,140,0.15,0.4167,0.9412,0.0,0.0417,0.4167,0.0588,F0E68C,Light Khaki
252,232,131,0.1391,0.4802,0.9882,0.0,0.0794,0.4802,0.0118,FCE883,Clover Lime
250,218,94,0.1325,0.624,0.9804,0.0,0.128,0.624,0.0196,FADA5E,Royal Yellow
255,215,0,0.1405,1.0,1.0,0.0,0.1569,1.0,0.0,FFD700,Gold
238,210,2,0.1469,0.9916,0.9333,0.0,0.1176,0.9916,0.0667,EED202,Safety Yellow
248,228,115,0.1416,0.5363,0.9725,0.0,0.0806,0.5363,0.0275,F8E473,Laguna
255,253,1,0.1654,0.9961,1.0,0.0,0.0078,0.9961,0.0,FFFD01,Bright Yellow
238,234,98,0.1619,0.5882,0.9333,0.0,0.0168,0.5882,0.0667,EEEA62,Greenish Yellow
255,218,3,0.1422,0.9882,1.0,0.0,0.1451,0.9882,0.0,FFDA03,Sunflower
252,226,5,0.1491,0.9802,0.9882,0.0,0.1032,0.9802,0.0118,FCE205,Bumblebee
255,253,116,0.1643,0.5451,1.0,0.0,0.0078,0.5451,0.0,FFFD74,Butter
255,227,110,0.1345,0.5686,1.0,0.0,0.1098,0.5686,0.0,FFE36E,Yellow Tan
255,225,53,0.1419,0.7922,1.0,0.0,0.1176,0.7922,0.0,FFE135,Banana
252,209,42,0.1325,0.8333,0.9882,0.0,0.1706,0.8333,0.0118,FCD12A,Tuscany
196,145,2,0.1229,0.9898,0.7686,0.0,0.2602,0.9898,0.2314,C49102,Dijon
254,220,86,0.1329,0.6614,0.9961,0.0,0.1339,0.6614,0.0039,FEDC56,Mustard
250,250,55,0.1667,0.78,0.9804,0.0,0.0,0.78,0.0196,FAFA37,Maximum Yellow
248,222,126,0.1311,0.4919,0.9725,0.0,0.1048,0.4919,0.0275,F8DE7E,Mellow Yellow
255,255,102,0.1667,0.6,1.0,0.0,0.0,0.6,0.0,FFFF66,Unmellow Yellow
204,160,29,0.1248,0.8578,0.8,0.0,0.2157,0.8578,0.2,CCA01D,Lemon Curry
253,238,0,0.1568,1.0,0.9922,0.0,0.0593,1.0,0.0078,FDEE00,Aureolin
255,255,51,0.1667,0.8,1.0,0.0,0.0,0.8,0.0,FFFF33,Electric Yellow
255,254,113,0.1655,0.5569,1.0,0.0,0.0039,0.5569,0.0,FFFE71,Pastel Yellow
60,176,67,0.3434,0.6591,0.6902,0.6591,0.0,0.6193,0.3098,3CB043,Green
176,252,56,0.2313,0.7778,0.9882,0.3016,0.0,0.7778,0.0118,B0FC38,Chartreuse
58,83,17,0.2298,0.7952,0.3255,0.3012,0.0,0.7952,0.6745,3A5311,Juniper
114,140,105,0.2905,0.25,0.549,0.1857,0.0,0.25,0.451,728C69,Sage
174,243,89,0.2413,0.6337,0.9529,0.284,0.0,0.6337,0.0471,AEF359,Lime
93,187,99,0.344,0.5027,0.7333,0.5027,0.0,0.4706,0.2667,5DBB63,Fern
152,191,100,0.2381,0.4764,0.749,0.2042,0.0,0.4764,0.251,98BF64,Olive
2,138,15,0.3493,0.9855,0.5412,0.9855,0.0,0.8913,0.4588,028A0F,Emerald
116,183,46,0.2482,0.7486,0.7176,0.3661,0.0,0.7486,0.2824,74B72E,Pear
70,109,29,0.2479,0.7339,0.4275,0.3578,0.0,0.7339,0.5725,466D1D,Moss
3,172,19,0.3491,0.9826,0.6745,0.9826,0.0,0.8895,0.3255,03AC13,Shamrock
61,237,151,0.4186,0.7426,0.9294,0.7426,0.0,0.3629,0.0706,3DED97,Seafoam
35,79,30,0.3163,0.6203,0.3098,0.557,0.0,0.6203,0.6902,234F1E,Pine
3,192,74,0.3959,0.9844,0.7529,0.9844,0.0,0.6146,0.2471,03C04A,Parakeet
153,237,195,0.4167,0.3544,0.9294,0.3544,0.0,0.1772,0.0706,99EDC3,Mint
53,74,33,0.252,0.5541,0.2902,0.2838,0.0,0.5541,0.7098,354A21,Seaweed
89,125,53,0.25,0.576,0.4902,0.288,0.0,0.576,0.5098,597D35,Pickle
178,211,194,0.4141,0.1564,0.8275,0.1564,0.0,0.0806,0.1725,B2D3C2,Pistachio
50,97,45,0.3173,0.5361,0.3804,0.4845,0.0,0.5361,0.6196,32612D,Basil
96,125,59,0.2399,0.528,0.4902,0.232,0.0,0.528,0.5098,607D3B,Crocodile
59,122,87,0.4074,0.5164,0.4784,0.5164,0.0,0.2869,0.5216,3B7A57,Amazon
86,130,3,0.2244,0.9769,0.5098,0.3385,0.0,0.9769,0.4902,568203,Avocado
172,225,175,0.3428,0.2356,0.8824,0.2356,0.0,0.2222,0.1176,ACE1AF,Celadon
11,102,35,0.3773,0.8922,0.4,0.8922,0.0,0.6569,0.6,0B6623,Forest Green
63,112,77,0.381,0.4375,0.4392,0.4375,0.0,0.3125,0.5608,3F704D,Hunter Green
143,151,121,0.2111,0.1987,0.5922,0.053,0.0,0.1987,0.4078,8F9779,Artichoke Green
41,171,135,0.4538,0.7602,0.6706,0.7602,0.0,0.2105,0.3294,29AB87,Jungle Green
0,117,94,0.4672,1.0,0.4588,1.0,0.0,0.1966,0.5412,00755E,Tropical Rainforest
0,166,147,0.4809,1.0,0.651,1.0,0.0,0.1145,0.349,00A693,Persian Green
46,139,87,0.4068,0.6691,0.5451,0.6691,0.0,0.3741,0.4549,2E8B57,Sea Green
0,168,107,0.4395,1.0,0.6588,1.0,0.0,0.3631,0.3412,00A86B,Jade Green
169,186,157,0.2644,0.1559,0.7294,0.0914,0.0,0.1559,0.2706,A9BA9D,Laurel Green
75,83,32,0.1928,0.6145,0.3255,0.0964,0.0,0.6145,0.6745,4B5320,Army Green
76,187,23,0.2795,0.877,0.7333,0.5936,0.0,0.877,0.2667,4CBB17,Kelly Green
80,200,120,0.3889,0.6,0.7843,0.6,0.0,0.4,0.2157,50C878,Paris Green
0,102,0,0.3333,1.0,0.4,1.0,0.0,1.0,0.6,006600,Pakistan Green
0,240,168,0.45,1.0,0.9412,1.0,0.0,0.3,0.0588,00F0A8,Spring
72,168,96,0.375,0.5714,0.6588,0.5714,0.0,0.4286,0.3412,48A860,Chateau
168,192,144,0.25,0.25,0.7529,0.125,0.0,0.25,0.2471,A8C090,Swamp
116,195,101,0.3067,0.4821,0.7647,0.4051,0.0,0.4821,0.2353,74C365,Mantis
0,120,72,0.4333,1.0,0.4706,1.0,0.0,0.4,0.5294,007848,Fun
96,144,120,0.4167,0.3333,0.5647,0.3333,0.0,0.1667,0.4353,609078,Viridian
108,124,89,0.2429,0.2823,0.4863,0.129,0.0,0.2823,0.5137,6C7C59,Reseda Green
72,120,0,0.2333,1.0,0.4706,0.4,0.0,1.0,0.5294,487800,Verdun
0,86,59,0.4477,1.0,0.3373,1.0,0.0,0.314,0.6627,00563B,Castleton Green
0,106,78,0.456,1.0,0.4157,1.0,0.0,0.2642,0.5843,006A4E,Bottle Green
0,107,60,0.4268,1.0,0.4196,1.0,0.0,0.4393,0.5804,006B3C,Cadmium Green
120,134,107,0.2531,0.2015,0.5255,0.1045,0.0,0.2015,0.4745,78866B,Camouflage Green
133,187,101,0.2713,0.4599,0.7333,0.2888,0.0,0.4599,0.2667,85BB65,Dollar Bill
178,236,93,0.2343,0.6059,0.9255,0.2458,0.0,0.6059,0.0745,B2EC5D,Inchworm
57,68,188,0.6527,0.6968,0.7373,0.6968,0.6383,0.0,0.2627,3944BC,Blue
117,124,136,0.6053,0.1397,0.5333,0.1397,0.0882,0.0,0.4667,757C88,Slate
99,197,218,0.5294,0.5459,0.8549,0.5459,0.0963,0.0,0.1451,63C5DA,Sky
10,17,114,0.6554,0.9123,0.4471,0.9123,0.8509,0.0,0.5529,0A1172,Navy
40,30,93,0.6931,0.6774,0.3647,0.5699,0.6774,0.0,0.6353,281E5D,Indigo
19,56,190,0.6306,0.9,0.7451,0.9,0.7053,0.0,0.2549,1338BE,Cobalt
72,170,173,0.505,0.5838,0.6784,0.5838,0.0173,0.0,0.3216,48AAAD,Teal
1,96,100,0.5067,0.99,0.3922,0.99,0.04,0.0,0.6078,016064,Ocean
2,45,54,0.5288,0.963,0.2118,0.963,0.1667,0.0,0.7882,022D36,Peacock
21,32,166,0.654,0.8735,0.651,0.8735,0.8072,0.0,0.349,1520A6,Azure
4,146,194,0.5421,0.9794,0.7608,0.9794,0.2474,0.0,0.2392,0492C2,Cerulean
40,50,194,0.6558,0.7938,0.7608,0.7938,0.7423,0.0,0.2392,2832C2,Lapis
44,62,76,0.5729,0.4211,0.298,0.4211,0.1842,0.0,0.702,2C3E4C,Spruce
89,120,142,0.5692,0.3732,0.5569,0.3732,0.1549,0.0,0.4431,59788E,Stone
31,69,110,0.5865,0.7182,0.4314,0.7182,0.3727,0.0,0.5686,1F456E,Aegean
36,21,113,0.6938,0.8142,0.4431,0.6814,0.8142,0.0,0.5569,241571,Blueberry
21,30,61,0.6292,0.6557,0.2392,0.6557,0.5082,0.0,0.7608,151E3D,Denim
5,16,148,0.6538,0.9662,0.5804,0.9662,0.8919,0.0,0.4196,051094,Admiral
82,178,191,0.5199,0.5707,0.749,0.5707,0.0681,0.0,0.251,52B2BF,Sapphire
130,238,253,0.5203,0.4862,0.9922,0.4862,0.0593,0.0,0.0078,82EEFD,Arctic
64,224,208,0.4833,0.7143,0.8784,0.7143,0.0,0.0714,0.1216,40E0D0,Turquoise
70,130,180,0.5758,0.6111,0.7059,0.6111,0.2778,0.0,0.2941,4682B4,Steel
46,88,148,0.598,0.6892,0.5804,0.6892,0.4054,0.0,0.4196,2E5894,B’Dazzled
176,224,230,0.5185,0.2348,0.902,0.2348,0.0261,0.0,0.098,B0E0E6,Powder Blue
0,79,152,0.58,1.0,0.5961,1.0,0.4803,0.0,0.4039,004F98,Us Air Force Academy Blue
137,207,240,0.5534,0.4292,0.9412,0.4292,0.1375,0.0,0.0588,89CFF0,Baby Blue
188,212,230,0.5714,0.1826,0.902,0.1826,0.0783,0.0,0.098,BCD4E6,Beau Blue
108,160,220,0.5893,0.5091,0.8627,0.5091,0.2727,0.0,0.1373,6CA0DC,Little Boy Blue
129,216,208,0.4847,0.4028,0.8471,0.4028,0.0,0.037,0.1529,81D8D0,Tiffany Blue
75,156,211,0.5674,0.6445,0.8275,0.6445,0.2607,0.0,0.1725,4B9CD3,Carolina Blue
79,151,163,0.5238,0.5153,0.6392,0.5153,0.0736,0.0,0.3608,4F97A3,Turkish Blue
115,194,251,0.5699,0.5418,0.9843,0.5418,0.2271,0.0,0.0157,73C2FB,Maya Blue
100,149,237,0.6071,0.5781,0.9294,0.5781,0.3713,0.0,0.0706,6495ED,Cornflower Blue
18,97,128,0.547,0.8594,0.502,0.8594,0.2422,0.0,0.498,126180,Blue Sapphire
16,52,166,0.6267,0.9036,0.651,0.9036,0.6867,0.0,0.349,1034A6,Egyptian Blue
0,53,107,0.5841,1.0,0.4196,1.0,0.5047,0.0,0.5804,00356B,Yale Blue
29,41,81,0.6282,0.642,0.3176,0.642,0.4938,0.0,0.6824,1D2951,Space Cadet
0,90,146,0.5639,1.0,0.5725,1.0,0.3836,0.0,0.4275,005A92,Imperial Blue
118,171,223,0.5825,0.4709,0.8745,0.4709,0.2332,0.0,0.1255,76ABDF,Ruddy Blue
114,160,193,0.5696,0.4093,0.7569,0.4093,0.171,0.0,0.2431,72A0C1,Air Superiority Blue
107,202,226,0.5336,0.5265,0.8863,0.5265,0.1062,0.0,0.1137,6BCAE2,Aquamarine Blue
108,180,238,0.5744,0.5462,0.9333,0.5462,0.2437,0.0,0.0667,6CB4EE,Argentina Blue
0,45,98,0.5901,1.0,0.3843,1.0,0.5408,0.0,0.6157,002D62,Astros Navy
0,102,178,0.5712,1.0,0.698,1.0,0.427,0.0,0.302,0066B2,Bayern Blue
79,134,247,0.6121,0.6802,0.9686,0.6802,0.4575,0.0,0.0314,4F86F7,Berry Blue
80,114,167,0.6015,0.521,0.6549,0.521,0.3174,0.0,0.3451,5072A7,Blue Yonder
49,140,231,0.5833,0.7879,0.9059,0.7879,0.3939,0.0,0.0941,318CE7,Bleu De France
102,153,204,0.5833,0.5,0.8,0.5,0.25,0.0,0.2,6699CC,Blue-Gray
0,57,166,0.6094,1.0,0.651,1.0,0.6566,0.0,0.349,0039A6,Boeing Blue
19,39,79,0.6111,0.7595,0.3098,0.7595,0.5063,0.0,0.6902,13274F,Braves Navy
163,44,196,0.7971,0.7755,0.7686,0.1684,0.7755,0.0,0.2314,A32CC4,Purple
122,73,136,0.7963,0.4632,0.5333,0.1029,0.4632,0.0,0.4667,7A4988,Mauve
113,1,147,0.7945,0.9932,0.5765,0.2313,0.9932,0.0,0.4235,710193,Dark Violet
99,4,54,0.9123,0.9596,0.3882,0.0,0.9596,0.4545,0.6118,630436,Boysenberry
227,159,246,0.7969,0.3537,0.9647,0.0772,0.3537,0.0,0.0353,E39FF6,Electric Lavender
96,26,53,0.9357,0.7292,0.3765,0.0,0.7292,0.4479,0.6235,601A35,Plum
161,4,90,0.9087,0.9752,0.6314,0.0,0.9752,0.441,0.3686,A1045A,Strong Magenta
182,95,207,0.7961,0.5411,0.8118,0.1208,0.5411,0.0,0.1882,B65FCF,Deep Lilac
102,48,70,0.9321,0.5294,0.4,0.0,0.5294,0.3137,0.6,663046,Grape
190,147,212,0.7769,0.3066,0.8314,0.1038,0.3066,0.0,0.1686,BE93D4,Royal Periwinkle
77,15,40,0.9328,0.8052,0.302,0.0,0.8052,0.4805,0.698,4D0F28,Sangria Purple
49,20,50,0.8278,0.6,0.1961,0.02,0.6,0.0,0.8039,311432,Eggplant
103,3,47,0.9267,0.9709,0.4039,0.0,0.9709,0.5437,0.5961,67032F,Jazzberry Jam
152,103,197,0.7535,0.4772,0.7725,0.2284,0.4772,0.0,0.2275,9867C5,Iris
158,123,181,0.7672,0.3204,0.7098,0.1271,0.3204,0.0,0.2902,9E7BB5,Heather
164,94,229,0.7531,0.5895,0.898,0.2838,0.5895,0.0,0.102,A45EE5,Amethyst
41,9,22,0.9323,0.7805,0.1608,0.0,0.7805,0.4634,0.8392,290916,Raisin
175,105,239,0.7537,0.5607,0.9373,0.2678,0.5607,0.0,0.0627,AF69EF,Medium Orchid
76,1,33,0.9289,0.9868,0.298,0.0,0.9868,0.5658,0.702,4C0121,Dark Mulberry
44,4,28,0.9,0.9091,0.1725,0.0,0.9091,0.3636,0.8275,2C041C,Deep Wine
216,191,216,0.8333,0.1157,0.8471,0.0,0.1157,0.0,0.1529,D8BFD8,Thistle
218,112,214,0.8396,0.4862,0.8549,0.0,0.4862,0.0183,0.1451,DA70D6,Orchid
143,0,255,0.7601,1.0,1.0,0.4392,1.0,0.0,0.0,8F00FF,Electric Violet
147,112,219,0.7212,0.4886,0.8588,0.3288,0.4886,0.0,0.1412,9370DB,Medium Purple
153,50,204,0.7781,0.7549,0.8,0.25,0.7549,0.0,0.2,9932CC,Dark Orchid
139,0,139,0.8333,1.0,0.5451,0.0,1.0,0.0,0.4549,8B008B,Dark Magenta
160,32,240,0.7692,0.8667,0.9412,0.3333,0.8667,0.0,0.0588,A020F0,Veronica
223,115,255,0.7952,0.549,1.0,0.1255,0.549,0.0,0.0,DF73FF,Heliotrope
154,78,174,0.7986,0.5517,0.6824,0.1149,0.5517,0.0,0.3176,9A4EAE,Purpureus
78,42,132,0.7333,0.6818,0.5176,0.4091,0.6818,0.0,0.4824,4E2A84,Northwestern Purple
81,40,136,0.7378,0.7059,0.5333,0.4044,0.7059,0.0,0.4667,512888,Ksu Purple
134,96,142,0.8043,0.3239,0.5569,0.0563,0.3239,0.0,0.4431,86608E,Pomp And Power
136,0,133,0.837,1.0,0.5333,0.0,1.0,0.0221,0.4667,880085,Mardi Gras
108,48,130,0.7886,0.6308,0.5098,0.1692,0.6308,0.0,0.4902,6C3082,Eminence
120,24,74,0.9132,0.8,0.4706,0.0,0.8,0.3833,0.5294,78184A,Pansy Purple
114,36,108,0.8462,0.6842,0.4471,0.0,0.6842,0.0526,0.5529,72246C,Palatinate
48,25,52,0.8086,0.5192,0.2039,0.0769,0.5192,0.0,0.7961,301934,Dark Purple
112,41,99,0.8638,0.6339,0.4392,0.0,0.6339,0.1161,0.5608,702963,Byzantium
86,60,92,0.8021,0.3478,0.3608,0.0652,0.3478,0.0,0.6392,563C5C,English Violet
111,70,133,0.7751,0.4737,0.5216,0.1654,0.4737,0.0,0.4784,6F4685,Affair
111,69,110,0.8373,0.3784,0.4353,0.0,0.3784,0.009,0.5647,6F456E,Long Distance
73,63,94,0.7204,0.3298,0.3686,0.2234,0.3298,0.0,0.6314,493F5E,Prince Charming
142,71,133,0.8545,0.5,0.5569,0.0,0.5,0.0634,0.4431,8E4785,Lipstick Stain
114,0,88,0.8713,1.0,0.4471,0.0,1.0,0.2281,0.5529,720058,Pompadour
111,45,168,0.7561,0.7321,0.6588,0.3393,0.7321,0.0,0.3412,6F2DA8,Grape Color
154,44,160,0.8247,0.725,0.6275,0.0375,0.725,0.0,0.3725,9A2CA0,Pizza Edge
102,2,60,0.9033,0.9804,0.4,0.0,0.9804,0.4118,0.6,66023C,Tyrian Purple
100,83,148,0.7103,0.4392,0.5804,0.3243,0.4392,0.0,0.4196,645394,Ultra Violet
191,0,255,0.7915,1.0,1.0,0.251,1.0,0.0,0.0,BF00FF,Electric Purple
120,81,169,0.7405,0.5207,0.6627,0.2899,0.5207,0.0,0.3373,7851A9,Studio
246,153,205,0.9068,0.378,0.9647,0.0,0.378,0.1667,0.0353,F699CD,Pink
252,148,175,0.9567,0.4127,0.9882,0.0,0.4127,0.3056,0.0118,FC94AF,Rose
252,70,170,0.9084,0.7222,0.9882,0.0,0.7222,0.3254,0.0118,FC46AA,French Fuchsia
242,82,120,0.9604,0.6612,0.949,0.0,0.6612,0.5041,0.051,F25278,Punch
254,197,229,0.9064,0.2244,0.9961,0.0,0.2244,0.0984,0.0039,FEC5E5,Blush Pink
254,127,156,0.9619,0.5,0.9961,0.0,0.5,0.3858,0.0039,FE7F9C,Watermelon
253,164,186,0.9588,0.3518,0.9922,0.0,0.3518,0.2648,0.0078,FDA4BA,Flamingo
242,107,138,0.9617,0.5579,0.949,0.0,0.5579,0.4298,0.051,F26B8A,Rouge
253,171,159,0.0213,0.3715,0.9922,0.0,0.3241,0.3715,0.0078,FDAB9F,Light Salmon
254,125,106,0.0214,0.5827,0.9961,0.0,0.5079,0.5827,0.0039,FE7D6A,Coral Pink
252,148,131,0.0234,0.4802,0.9882,0.0,0.4127,0.4802,0.0118,FC9483,Peach
252,76,78,0.9981,0.6984,0.9882,0.0,0.6984,0.6905,0.0118,FC4C4E,Strawberry
158,66,68,0.9964,0.5823,0.6196,0.0,0.5823,0.5696,0.3804,9E4244,Rosewood
252,186,203,0.9571,0.2619,0.9882,0.0,0.2619,0.1944,0.0118,FCBACB,Lemonade
250,134,196,0.9109,0.464,0.9804,0.0,0.464,0.216,0.0196,FA86C4,Taffy
253,93,168,0.9219,0.6324,0.9922,0.0,0.6324,0.336,0.0078,FD5DA8,Bubblegum
247,154,192,0.9319,0.3765,0.9686,0.0,0.3765,0.2227,0.0314,F79AC0,Ballet Slipper
242,184,198,0.9598,0.2397,0.949,0.0,0.2397,0.1818,0.051,F2B8C6,Lemonade Crepe
225,21,132,0.9093,0.9067,0.8824,0.0,0.9067,0.4133,0.1176,E11584,Magenta Process
255,22,148,0.9099,0.9137,1.0,0.0,0.9137,0.4196,0.0,FF1694,Hot Pink
229,43,80,0.9668,0.8122,0.898,0.0,0.8122,0.6507,0.102,E52B50,Amaranth Pink
227,37,107,0.9386,0.837,0.8902,0.0,0.837,0.5286,0.1098,E3256B,Razzmatazz
255,166,201,0.9345,0.349,1.0,0.0,0.349,0.2118,0.0,FFA6C9,Carnation
255,153,153,0.0,0.4,1.0,0.0,0.4,0.4,0.0,FF9999,Salmon
255,182,193,0.9749,0.2863,1.0,0.0,0.2863,0.2431,0.0,FFB6C1,Light Pink
255,209,220,0.9601,0.1804,1.0,0.0,0.1804,0.1373,0.0,FFD1DC,Pastel Pink
255,183,197,0.9676,0.2824,1.0,0.0,0.2824,0.2275,0.0,FFB7C5,Cherry Blossom
244,194,194,0.0,0.2049,0.9569,0.0,0.2049,0.2049,0.0431,F4C2C2,Baby Pink
231,84,128,0.9501,0.6364,0.9059,0.0,0.6364,0.4459,0.0941,E75480,Dark Pink
255,0,127,0.917,1.0,1.0,0.0,1.0,0.502,0.0,FF007F,Bright Pink
255,110,199,0.8977,0.5686,1.0,0.0,0.5686,0.2196,0.0,FF6EC7,Neon Pink
255,0,255,0.8333,1.0,1.0,0.0,1.0,0.0,0.0,FF00FF,Magenta
255,142,142,0.0,0.4431,1.0,0.0,0.4431,0.4431,0.0,FF8E8E,Tulip Pink
253,221,230,0.9531,0.1265,0.9922,0.0,0.1265,0.0909,0.0078,FDDDE6,Piggy Pink
255,188,217,0.9279,0.2627,1.0,0.0,0.2627,0.149,0.0,FFBCD9,Cotton Candy
239,187,204,0.9455,0.2176,0.9373,0.0,0.2176,0.1464,0.0627,EFBBCC,Cameo Pink
246,74,138,0.938,0.6992,0.9647,0.0,0.6992,0.439,0.0353,F64A8A,French Pink
247,127,190,0.9125,0.4858,0.9686,0.0,0.4858,0.2308,0.0314,F77FBE,Persian Pink
228,113,122,0.987,0.5044,0.8941,0.0,0.5044,0.4649,0.1059,E4717A,Candy Pink
222,49,99,0.9518,0.7793,0.8706,0.0,0.7793,0.5541,0.1294,DE3163,Cherry Pink
204,78,92,0.9815,0.6176,0.8,0.0,0.6176,0.549,0.2,CC4E5C,Dark Terra Cotta
255,20,147,0.9099,0.9216,1.0,0.0,0.9216,0.4235,0.0,FF1493,Deep Pink
229,204,201,0.0179,0.1223,0.898,0.0,0.1092,0.1223,0.102,E5CCC9,Dust Storm
246,173,198,0.9429,0.2967,0.9647,0.0,0.2967,0.1951,0.0353,F6ADC6,Nadeshiko Pink
255,67,164,0.914,0.7373,1.0,0.0,0.7373,0.3569,0.0,FF43A4,Wild Strawberry
209,0,86,0.9314,1.0,0.8196,0.0,1.0,0.5885,0.1804,D10056,Rubine Red
244,0,161,0.89,1.0,0.9569,0.0,1.0,0.3402,0.0431,F400A1,Hollywood Cerise
228,0,124,0.9094,1.0,0.8941,0.0,1.0,0.4561,0.1059,E4007C,Mexican Pink
204,51,102,0.9444,0.75,0.8,0.0,0.75,0.5,0.2,CC3366,Steel Pink
249,66,158,0.9162,0.7349,0.9765,0.0,0.7349,0.3655,0.0235,F9429E,Rose Bonbon
35,23,9,0.0897,0.7429,0.1373,0.0,0.3429,0.7429,0.8627,231709,Brown Oil
75,55,28,0.0957,0.6267,0.2941,0.0,0.2667,0.6267,0.7059,4B371C,Roasted Coffee
60,40,13,0.0957,0.7833,0.2353,0.0,0.3333,0.7833,0.7647,3C280D,Mocha
121,92,52,0.0966,0.5702,0.4745,0.0,0.2397,0.5702,0.5255,795C34,Peanut Brown
54,37,17,0.0901,0.6852,0.2118,0.0,0.3148,0.6852,0.7882,362511,Carob
55,29,16,0.0556,0.7091,0.2157,0.0,0.4727,0.7091,0.7843,371D10,Hickory
63,48,29,0.0931,0.5397,0.2471,0.0,0.2381,0.5397,0.7529,3F301D,Wood
74,37,17,0.0585,0.7703,0.2902,0.0,0.5,0.7703,0.7098,4A2511,Pecan
67,38,22,0.0593,0.6716,0.2627,0.0,0.4328,0.6716,0.7373,432616,Walnut
101,53,15,0.0736,0.8515,0.3961,0.0,0.4752,0.8515,0.6039,65350F,Caramel
94,44,4,0.0741,0.9574,0.3686,0.0,0.5319,0.9574,0.6314,5E2C04,Gingerbread
72,31,1,0.0704,0.9861,0.2824,0.0,0.5694,0.9861,0.7176,481F01,Syrup
46,21,3,0.0698,0.9348,0.1804,0.0,0.5435,0.9348,0.8196,2E1503,Dark Chocolate
154,123,79,0.0978,0.487,0.6039,0.0,0.2013,0.487,0.3961,9A7B4F,Tortilla
53,35,21,0.0729,0.6038,0.2078,0.0,0.3396,0.6038,0.7922,352315,Umber
128,71,28,0.0717,0.7812,0.502,0.0,0.4453,0.7812,0.498,80471C,Tawny
59,30,8,0.0719,0.8644,0.2314,0.0,0.4915,0.8644,0.7686,3B1E08,Brunette
101,42,14,0.0536,0.8614,0.3961,0.0,0.5842,0.8614,0.6039,652A0E,Cinnamon Brown
83,41,21,0.0538,0.747,0.3255,0.0,0.506,0.747,0.6745,532915,Penny
74,55,40,0.0735,0.4595,0.2902,0.0,0.2568,0.4595,0.7098,4A3728,Cedar Brown
159,129,112,0.0603,0.2956,0.6235,0.0,0.1887,0.2956,0.3765,9F8170,Beaver
61,43,31,0.0667,0.4918,0.2392,0.0,0.2951,0.4918,0.7608,3D2B1F,Bistre
121,68,59,0.0242,0.5124,0.4745,0.0,0.438,0.5124,0.5255,79443B,Bole
138,51,36,0.0245,0.7391,0.5412,0.0,0.6304,0.7391,0.4588,8A3324,Burnt Umber
166,123,91,0.0711,0.4518,0.651,0.0,0.259,0.4518,0.349,A67B5B,Cafe Au Lait
75,54,33,0.0833,0.56,0.2941,0.0,0.28,0.56,0.7059,4B3621,Cafe Noir
111,78,55,0.0685,0.5045,0.4353,0.0,0.2973,0.5045,0.5647,6F4E37,Coffee
112,66,65,0.0035,0.4196,0.4392,0.0,0.4107,0.4196,0.5608,704241,Deep Coffee
184,115,51,0.0802,0.7228,0.7216,0.0,0.375,0.7228,0.2784,B87333,Copper
101,67,33,0.0833,0.6733,0.3961,0.0,0.3366,0.6733,0.6039,654321,Dark Brown
72,60,50,0.0758,0.3056,0.2824,0.0,0.1667,0.3056,0.7176,483C32,Taupe
194,178,128,0.1263,0.3402,0.7608,0.0,0.0825,0.3402,0.2392,C2B280,Ecru
153,101,21,0.101,0.8627,0.6,0.0,0.3399,0.8627,0.4,996515,Golden Brown
195,176,145,0.1033,0.2564,0.7647,0.0,0.0974,0.2564,0.2353,C3B091,Khaki
204,119,34,0.0833,0.8333,0.8,0.0,0.4167,0.8333,0.2,CC7722,Ochre
181,101,29,0.0789,0.8398,0.7098,0.0,0.442,0.8398,0.2902,B5651D,Light Brown
139,69,19,0.0694,0.8633,0.5451,0.0,0.5036,0.8633,0.4549,8B4513,Saddle Brown
128,70,27,0.071,0.7891,0.502,0.0,0.4531,0.7891,0.498,80461B,Russet
160,82,45,0.0536,0.7188,0.6275,0.0,0.4875,0.7188,0.3725,A0522D,Sienna
205,149,117,0.0606,0.4293,0.8039,0.0,0.2732,0.4293,0.1961,CD9575,Antique Brass
222,184,135,0.0939,0.3919,0.8706,0.0,0.1712,0.3919,0.1294,DEB887,Burlywood
205,133,63,0.0822,0.6927,0.8039,0.0,0.3512,0.6927,0.1961,CD853F,Peru
222,170,136,0.0659,0.3874,0.8706,0.0,0.2342,0.3874,0.1294,DEAA88,Tumbleweed
209,190,168,0.0894,0.1962,0.8196,0.0,0.0909,0.1962,0.1804,D1BEA8,Dark Vanilla
193,154,107,0.0911,0.4456,0.7569,0.0,0.2021,0.4456,0.2431,C19A6B,Wood Brown
160,120,90,0.0714,0.4375,0.6275,0.0,0.25,0.4375,0.3725,A0785A,Chamoisee
186,135,89,0.079,0.5215,0.7294,0.0,0.2742,0.5215,0.2706,BA8759,Deer
155,118,83,0.081,0.4645,0.6078,0.0,0.2387,0.4645,0.3922,9B7653,Dirt
150,90,62,0.053,0.5867,0.5882,0.0,0.4,0.5867,0.4118,965A3E,Coconut
167,85,2,0.0838,0.988,0.6549,0.0,0.491,0.988,0.3451,A75502,Windsor Tan
8,4,2,0.0556,0.75,0.0314,0.0,0.5,0.75,0.9686,080402,Ebony
13,9,7,0.0556,0.4615,0.051,0.0,0.3077,0.4615,0.949,0D0907,Crow
40,35,29,0.0909,0.275,0.1569,0.0,0.125,0.275,0.8431,28231D,Charcoal
4,4,6,0.6667,0.3333,0.0235,0.3333,0.3333,0.0,0.9765,040406,Midnight
7,5,4,0.0556,0.4286,0.0275,0.0,0.2857,0.4286,0.9725,070504,Ink
5,3,1,0.0833,0.8,0.0196,0.0,0.4,0.8,0.9804,050301,Raven
5,1,0,0.0333,1.0,0.0196,0.0,0.8,1.0,0.9804,050100,Oil
10,8,6,0.0833,0.4,0.0392,0.0,0.2,0.4,0.9608,0A0806,Grease
3,1,4,0.7778,0.75,0.0157,0.25,0.75,0.0,0.9843,030104,Onyx
3,0,1,0.9444,1.0,0.0118,0.0,1.0,0.6667,0.9882,030001,Pitch
22,13,8,0.0595,0.6364,0.0863,0.0,0.4091,0.6364,0.9137,160D08,Soot
6,6,6,0.0,0.0,0.0235,0.0,0.0,0.0,0.9765,060606,Sable
3,3,3,0.0,0.0,0.0118,0.0,0.0,0.0,0.9882,030303,Jet Black
12,9,8,0.0417,0.3333,0.0471,0.0,0.25,0.3333,0.9529,0C0908,Coal
14,12,10,0.0833,0.2857,0.0549,0.0,0.1429,0.2857,0.9451,0E0C0A,Metal
2,4,3,0.4167,0.5,0.0157,0.5,0.0,0.25,0.9843,020403,Obsidian
0,3,2,0.4444,1.0,0.0118,1.0,0.0,0.3333,0.9882,000302,Jade
4,2,0,0.0833,1.0,0.0157,0.0,0.5,1.0,0.9843,040200,Spider
11,7,5,0.0556,0.5455,0.0431,0.0,0.3636,0.5455,0.9569,0B0705,Leather
12,4,4,0.0,0.6667,0.0471,0.0,0.6667,0.6667,0.9529,0C0404,Asphalt
26,17,16,0.0167,0.3846,0.102,0.0,0.3462,0.3846,0.898,1A1110,Licorice
12,9,10,0.9444,0.25,0.0471,0.0,0.25,0.1667,0.9529,0C090A,Night
35,43,43,0.5,0.186,0.1686,0.186,0.0,0.0,0.8314,232B2B,Charleston Green
26,36,33,0.45,0.2778,0.1412,0.2778,0.0,0.0833,0.8588,1A2421,Dark Jungle Green
27,27,27,0.0,0.0,0.1059,0.0,0.0,0.0,0.8941,1B1B1B,Eerie Black
36,33,36,0.8333,0.0833,0.1412,0.0,0.0833,0.0,0.8588,242124,Raisin Black
16,12,8,0.0833,0.5,0.0627,0.0,0.25,0.5,0.9373,100C08,Smoky Black
1,1,39,0.6667,0.9744,0.1529,0.9744,0.9744,0.0,0.8471,010127,Black Rock
11,11,11,0.0,0.0,0.0431,0.0,0.0,0.0,0.9569,0B0B0B,Neutral Black
25,28,39,0.631,0.359,0.1529,0.359,0.2821,0.0,0.8471,191C27,Black Denim
15,4,4,0.0,0.7333,0.0588,0.0,0.7333,0.7333,0.9412,0F0404,Vampire Black
21,25,34,0.6154,0.3824,0.1333,0.3824,0.2647,0.0,0.8667,151922,Cool Black
25,28,32,0.5952,0.2188,0.1255,0.2188,0.125,0.0,0.8745,191C20,Frost Black
14,12,1,0.141,0.9286,0.0549,0.0,0.1429,0.9286,0.9451,0E0C01,Power Black
16,14,9,0.119,0.4375,0.0627,0.0,0.125,0.4375,0.9373,100E09,Premium Black
11,5,16,0.7576,0.6875,0.0627,0.3125,0.6875,0.0,0.9373,0B0510,Black Magic
26,34,40,0.5714,0.35,0.1569,0.35,0.15,0.0,0.8431,1A2228,Alien Black
27,24,17,0.1167,0.3704,0.1059,0.0,0.1111,0.3704,0.8941,1B1811,Black Chocolate
18,3,33,0.75,0.9091,0.1294,0.4545,0.9091,0.0,0.8706,120321,Gothic Grape
26,26,26,0.0,0.0,0.102,0.0,0.0,0.0,0.898,1A1A1A,Metropolis
28,28,28,0.0,0.0,0.1098,0.0,0.0,0.0,0.8902,1C1C1C,Night Shadow
26,15,15,0.0,0.4231,0.102,0.0,0.4231,0.4231,0.898,1A0F0F,Dark Raisin
22,19,17,0.0667,0.2273,0.0863,0.0,0.1364,0.2273,0.9137,161311,Tea Bag
13,14,14,0.5,0.0714,0.0549,0.0714,0.0,0.0,0.9451,0D0E0E,Tech Black
22,22,22,0.0,0.0,0.0863,0.0,0.0,0.0,0.9137,161616,Dull Black
1,2,3,0.5833,0.6667,0.0118,0.6667,0.3333,0.0,0.9882,010203,Dark Black
7,0,11,0.7727,1.0,0.0431,0.3636,1.0,0.0,0.9569,07000B,Natural Black
31,32,31,0.3333,0.0313,0.1255,0.0312,0.0,0.0312,0.8745,1F201F,Retro Black
5,2,3,0.9444,0.6,0.0196,0.0,0.6,0.4,0.9804,050203,Deep Black
128,128,128,0.0,0.0,0.502,0.0,0.0,0.0,0.498,808080,Gray
55,55,55,0.0,0.0,0.2157,0.0,0.0,0.0,0.7843,373737,Shadow
89,77,91,0.8095,0.1538,0.3569,0.022,0.1538,0.0,0.6431,594D5B,Graphite
50,45,49,0.8667,0.1,0.1961,0.0,0.1,0.02,0.8039,322D31,Iron
105,104,128,0.6736,0.1875,0.502,0.1797,0.1875,0.0,0.498,696880,Pewter
197,198,208,0.6515,0.0529,0.8157,0.0529,0.0481,0.0,0.1843,C5C6D0,Cloud
173,173,201,0.6667,0.1393,0.7882,0.1393,0.1393,0.0,0.2118,ADADC9,Silver
89,81,94,0.7692,0.1383,0.3686,0.0532,0.1383,0.0,0.6314,59515E,Smoke
62,61,83,0.6742,0.2651,0.3255,0.253,0.2651,0.0,0.6745,3E3D53,Dark Slate
65,66,76,0.6515,0.1447,0.298,0.1447,0.1316,0.0,0.702,41424C,Anchor
86,76,77,0.9833,0.1163,0.3373,0.0,0.1163,0.1047,0.6627,564C4D,Ash
77,76,92,0.6771,0.1739,0.3608,0.163,0.1739,0.0,0.6392,4D4C5C,Porpoise
124,110,127,0.8039,0.1339,0.498,0.0236,0.1339,0.0,0.502,7C6E7F,Dove
101,89,103,0.8095,0.1359,0.4039,0.0194,0.1359,0.0,0.5961,655967,Fog
127,125,156,0.6774,0.1987,0.6118,0.1859,0.1987,0.0,0.3882,7F7D9C,Flint
35,32,35,0.8333,0.0857,0.1373,0.0,0.0857,0.0,0.8627,232023,Charcoal Gray
51,51,51,0.0,0.0,0.2,0.0,0.0,0.0,0.8,333333,Pebble
63,63,78,0.6667,0.1923,0.3059,0.1923,0.1923,0.0,0.6941,3F3F4E,Lead
152,151,169,0.6759,0.1065,0.6627,0.1006,0.1065,0.0,0.3373,9897A9,Coin
120,114,118,0.8889,0.05,0.4706,0.0,0.05,0.0167,0.5294,787276,Fossil
59,68,75,0.5729,0.2133,0.2941,0.2133,0.0933,0.0,0.7059,3B444B,Arsenic
102,106,109,0.5714,0.0642,0.4275,0.0642,0.0275,0.0,0.5725,666A6D,Nevada
94,94,94,0.0,0.0,0.3686,0.0,0.0,0.0,0.6314,5E5E5E,Scorpion
132,132,130,0.1667,0.0152,0.5176,0.0,0.0,0.0152,0.4824,848482,Battleship Gray
98,93,93,0.0,0.051,0.3843,0.0,0.051,0.051,0.6157,625D5D,Carbon Gray
85,85,85,0.0,0.0,0.3333,0.0,0.0,0.0,0.6667,555555,Davy’S Gray
105,105,105,0.0,0.0,0.4118,0.0,0.0,0.0,0.5882,696969,Dim Gray
182,182,180,0.1667,0.011,0.7137,0.0,0.0,0.011,0.2863,B6B6B4,Gray Cloud
92,88,88,0.0,0.0435,0.3608,0.0,0.0435,0.0435,0.6392,5C5858,Gray Dolphin
80,74,75,0.9722,0.075,0.3137,0.0,0.075,0.0625,0.6863,504A4B,Gray Wolf
42,52,57,0.5556,0.2632,0.2235,0.2632,0.0877,0.0,0.7765,2A3439,Gunmetal
76,88,102,0.5897,0.2549,0.4,0.2549,0.1373,0.0,0.6,4C5866,Marengo
190,190,190,0.0,0.0,0.7451,0.0,0.0,0.0,0.2549,BEBEBE,Medium Gray
114,116,114,0.3333,0.0172,0.4549,0.0172,0.0,0.0172,0.5451,727472,Nickel
146,142,133,0.1154,0.089,0.5725,0.0,0.0274,0.089,0.4275,928E85,Stone Gray
65,74,76,0.5303,0.1447,0.298,0.1447,0.0263,0.0,0.702,414A4C,Outer Space
138,127,141,0.7976,0.0993,0.5529,0.0213,0.0993,0.0,0.4471,8A7F8D,Rocket Metallic
172,172,172,0.0,0.0,0.6745,0.0,0.0,0.0,0.3255,ACACAC,Silver Chalice
114,110,109,0.0333,0.0439,0.4471,0.0,0.0351,0.0439,0.5529,726E6D,Smokey Gray
117,117,117,0.0,0.0,0.4588,0.0,0.0,0.0,0.5412,757575,Sonic Gray
152,152,152,0.0,0.0,0.5961,0.0,0.0,0.0,0.4039,989898,Spanish Gray
139,133,137,0.8889,0.0432,0.5451,0.0,0.0432,0.0144,0.4549,8B8589,Taupe Gray
86,80,81,0.9722,0.0698,0.3373,0.0,0.0698,0.0581,0.6627,565051,Vampire Gray
187,188,182,0.1944,0.0319,0.7373,0.0053,0.0,0.0319,0.2627,BBBCB6,X11 Gray
116,109,105,0.0606,0.0948,0.4549,0.0,0.0603,0.0948,0.5451,746D69,Dark Silver
204,205,198,0.1905,0.0341,0.8039,0.0049,0.0,0.0341,0.1961,CCCDC6,Pastel Gray
188,194,194,0.5,0.0309,0.7608,0.0309,0.0,0.0,0.2392,BCC2C2,Misty Gray
152,150,146,0.1111,0.0395,0.5961,0.0,0.0132,0.0395,0.4039,989692,Vintage Gray
99,100,94,0.1944,0.06,0.3922,0.01,0.0,0.06,0.6078,63645E,Zombie Gray
161,161,161,0.0,0.0,0.6314,0.0,0.0,0.0,0.3686,A1A1A1,Perfect Gray
251,252,248,0.2083,0.0159,0.9882,0.004,0.0,0.0159,0.0118,FBFCF8,Pearl
254,249,243,0.0909,0.0433,0.9961,0.0,0.0197,0.0433,0.0039,FEF9F3,Alabaster
245,254,253,0.4815,0.0354,0.9961,0.0354,0.0,0.0039,0.0039,F5FEFD,Snow
253,246,228,0.12,0.0988,0.9922,0.0,0.0277,0.0988,0.0078,FDF6E4,Pale Ivory
255,250,218,0.1441,0.1451,1.0,0.0,0.0196,0.1451,0.0,FFFADA,Cream
255,249,227,0.131,0.1098,1.0,0.0,0.0235,0.1098,0.0,FFF9E3,Eggshell
251,251,249,0.1667,0.008,0.9843,0.0,0.0,0.008,0.0157,FBFBF9,Cotton
251,250,242,0.1481,0.0359,0.9843,0.0,0.004,0.0359,0.0157,FBFAF2,Chiffon
248,238,236,0.0278,0.0484,0.9725,0.0,0.0403,0.0484,0.0275,F8EEEC,Pink Salt
248,242,237,0.0758,0.0444,0.9725,0.0,0.0242,0.0444,0.0275,F8F2ED,Lace
255,241,230,0.0733,0.098,1.0,0.0,0.0549,0.098,0.0,FFF1E6,Coconut Milk
243,234,211,0.1198,0.1317,0.9529,0.0,0.037,0.1317,0.0471,F3EAD3,Linen
231,222,204,0.1111,0.1169,0.9059,0.0,0.039,0.1169,0.0941,E7DECC,Bone
250,250,250,0.0,0.0,0.9804,0.0,0.0,0.0,0.0196,FAFAFA,Daisy
251,252,250,0.25,0.0079,0.9882,0.004,0.0,0.0079,0.0118,FBFCFA,Powder
236,251,252,0.5104,0.0635,0.9882,0.0635,0.004,0.0,0.0118,ECFBFC,Frost
255,254,252,0.1111,0.0118,1.0,0.0,0.0039,0.0118,0.0,FFFEFC,Porcelain
251,245,223,0.131,0.1116,0.9843,0.0,0.0239,0.1116,0.0157,FBF5DF,Parchment
250,245,239,0.0909,0.044,0.9804,0.0,0.02,0.044,0.0196,FAF5EF,Rice
255,245,238,0.0686,0.0667,1.0,0.0,0.0392,0.0667,0.0,FFF5EE,Seashell
241,249,236,0.2692,0.0522,0.9765,0.0321,0.0,0.0522,0.0235,F1F9EC,Peppermint
253,255,245,0.2,0.0392,1.0,0.0078,0.0,0.0392,0.0,FDFFF5,Milk
248,248,255,0.6667,0.0275,1.0,0.0275,0.0275,0.0,0.0,F8F8FF,Ghost White
245,245,245,0.0,0.0,0.9608,0.0,0.0,0.0,0.0392,F5F5F5,White Smoke
254,254,250,0.1667,0.0157,0.9961,0.0,0.0,0.0157,0.0039,FEFEFA,Baby Powder
255,255,240,0.1667,0.0588,1.0,0.0,0.0,0.0588,0.0,FFFFF0,Ivory
255,250,240,0.1111,0.0588,1.0,0.0,0.0196,0.0588,0.0,FFFAF0,Floral White
236,243,249,0.5769,0.0522,0.9765,0.0522,0.0241,0.0,0.0235,ECF3F9,Link White
255,250,250,0.0,0.0196,1.0,0.0,0.0196,0.0196,0.0,FFFAFA,Rose White
253,252,250,0.1111,0.0119,0.9922,0.0,0.004,0.0119,0.0078,FDFCFA,Vista White
248,251,248,0.3333,0.012,0.9843,0.012,0.0,0.012,0.0157,F8FBF8,Snow Drift
255,252,236,0.1404,0.0745,1.0,0.0,0.0118,0.0745,0.0,FFFCEC,Island Spice
246,241,244,0.9,0.0203,0.9647,0.0,0.0203,0.0081,0.0353,F6F1F4,Soft Peach
235,245,240,0.4167,0.0408,0.9608,0.0408,0.0,0.0204,0.0392,EBF5F0,Harp
246,244,241,0.1,0.0203,0.9647,0.0,0.0081,0.0203,0.0353,F6F4F1,Cough Mixture
235,246,247,0.5139,0.0486,0.9686,0.0486,0.004,0.0,0.0314,EBF6F7,Cup Cake
248,244,255,0.7273,0.0431,1.0,0.0275,0.0431,0.0,0.0,F8F4FF,Magnolia
242,243,244,0.5833,0.0082,0.9569,0.0082,0.0041,0.0,0.0431,F2F3F4,Anti-Flash White
247,245,246,0.9167,0.0081,0.9686,0.0,0.0081,0.004,0.0314,F7F5F6,Cascading White
242,247,253,0.5909,0.0435,0.9922,0.0435,0.0237,0.0,0.0078,F2F7FD,Cotton Ball
248,248,232,0.1667,0.0645,0.9725,0.0,0.0,0.0645,0.0275,F8F8E8,Photon White
253,249,239,0.119,0.0553,0.9922,0.0,0.0158,0.0553,0.0078,FDF9EF,White Heat
254,255,252,0.2222,0.0118,1.0,0.0039,0.0,0.0118,0.0,FEFFFC,Whitewash
238,241,234,0.2381,0.029,0.9451,0.0124,0.0,0.029,0.0549,EEF1EA,Shadow White
239,236,225,0.131,0.0586,0.9373,0.0,0.0126,0.0586,0.0627,EFECE1,Acoustic White
237,242,248,0.5909,0.0444,0.9725,0.0444,0.0242,0.0,0.0275,EDF2F8,Aircraft White
252,255,249,0.25,0.0235,1.0,0.0118,0.0,0.0235,0.0,FCFFF9,Ceramic
244,245,240,0.2,0.0204,0.9608,0.0041,0.0,0.0204,0.0392,F4F5F0,Bright White
237,241,254,0.6275,0.0669,0.9961,0.0669,0.0512,0.0,0.0039,EDF1FE,Brilliant White
93,138,168,0.5667,0.4464,0.6588,0.4464,0.1786,0.0,0.3412,5D8AA8,Air Force Blue
240,248,255,0.5778,0.0588,1.0,0.0588,0.0275,0.0,0.0,F0F8FF,Alice Blue
227,38,54,0.9859,0.8326,0.8902,0.0,0.8326,0.7621,0.1098,E32636,Alizarin Crimson
239,222,205,0.0833,0.1423,0.9373,0.0,0.0711,0.1423,0.0627,EFDECD,Almond
229,43,80,0.9668,0.8122,0.898,0.0,0.8122,0.6507,0.102,E52B50,Amaranth
255,191,0,0.1248,1.0,1.0,0.0,0.251,1.0,0.0,FFBF00,Amber
255,3,62,0.961,0.9882,1.0,0.0,0.9882,0.7569,0.0,FF033E,American Rose
153,102,204,0.75,0.5,0.8,0.25,0.5,0.0,0.2,9966CC,Amethyst
164,198,57,0.2069,0.7121,0.7765,0.1717,0.0,0.7121,0.2235,A4C639,Android Green
242,243,244,0.5833,0.0082,0.9569,0.0082,0.0041,0.0,0.0431,F2F3F4,Anti-Flash White
205,149,117,0.0606,0.4293,0.8039,0.0,0.2732,0.4293,0.1961,CD9575,Antique Brass
145,92,131,0.8774,0.3655,0.5686,0.0,0.3655,0.0966,0.4314,915C83,Antique Fuchsia
250,235,215,0.0952,0.14,0.9804,0.0,0.06,0.14,0.0196,FAEBD7,Antique White
0,128,0,0.3333,1.0,0.502,1.0,0.0,1.0,0.498,008000,Ao
141,182,0,0.2042,1.0,0.7137,0.2253,0.0,1.0,0.2863,8DB600,Apple Green
251,206,177,0.0653,0.2948,0.9843,0.0,0.1793,0.2948,0.0157,FBCEB1,Apricot
0,255,255,0.5,1.0,1.0,1.0,0.0,0.0,0.0,00FFFF,Aqua
127,255,212,0.444,0.502,1.0,0.502,0.0,0.1686,0.0,7FFFD4,Aquamarine
75,83,32,0.1928,0.6145,0.3255,0.0964,0.0,0.6145,0.6745,4B5320,Army Green
233,214,107,0.1415,0.5408,0.9137,0.0,0.0815,0.5408,0.0863,E9D66B,Arylide Yellow
178,190,181,0.375,0.0632,0.7451,0.0632,0.0,0.0474,0.2549,B2BEB5,Ash Grey
135,169,107,0.2581,0.3669,0.6627,0.2012,0.0,0.3669,0.3373,87A96B,Asparagus
255,153,102,0.0556,0.6,1.0,0.0,0.4,0.6,0.0,FF9966,Atomic Tangerine
165,42,42,0.0,0.7455,0.6471,0.0,0.7455,0.7455,0.3529,A52A2A,Auburn
253,238,0,0.1568,1.0,0.9922,0.0,0.0593,1.0,0.0078,FDEE00,Aureolin
110,127,128,0.5093,0.1406,0.502,0.1406,0.0078,0.0,0.498,6E7F80,Aurometalsaurus
255,32,82,0.9626,0.8745,1.0,0.0,0.8745,0.6784,0.0,FF2052,Awesome
0,127,255,0.5837,1.0,1.0,1.0,0.502,0.0,0.0,007FFF,Azure
240,255,255,0.5,0.0588,1.0,0.0588,0.0,0.0,0.0,F0FFFF,Azure Mist/Web
137,207,240,0.5534,0.4292,0.9412,0.4292,0.1375,0.0,0.0588,89CFF0,Baby Blue
161,202,241,0.5813,0.332,0.9451,0.332,0.1618,0.0,0.0549,A1CAF1,Baby Blue Eyes
244,194,194,0.0,0.2049,0.9569,0.0,0.2049,0.2049,0.0431,F4C2C2,Baby Pink
33,171,205,0.5329,0.839,0.8039,0.839,0.1659,0.0,0.1961,21ABCD,Ball Blue
250,231,181,0.1208,0.276,0.9804,0.0,0.076,0.276,0.0196,FAE7B5,Banana Mania
255,225,53,0.1419,0.7922,1.0,0.0,0.1176,0.7922,0.0,FFE135,Banana Yellow
132,132,130,0.1667,0.0152,0.5176,0.0,0.0,0.0152,0.4824,848482,Battleship Grey
152,119,123,0.9798,0.2171,0.5961,0.0,0.2171,0.1908,0.4039,98777B,Bazaar
188,212,230,0.5714,0.1826,0.902,0.1826,0.0783,0.0,0.098,BCD4E6,Beau Blue
159,129,112,0.0603,0.2956,0.6235,0.0,0.1887,0.2956,0.3765,9F8170,Beaver
245,245,220,0.1667,0.102,0.9608,0.0,0.0,0.102,0.0392,F5F5DC,Beige
255,228,196,0.0904,0.2314,1.0,0.0,0.1059,0.2314,0.0,FFE4C4,Bisque
61,43,31,0.0667,0.4918,0.2392,0.0,0.2951,0.4918,0.7608,3D2B1F,Bistre
254,111,94,0.0177,0.6299,0.9961,0.0,0.563,0.6299,0.0039,FE6F5E,Bittersweet
0,0,0,0.0,0.0,0.0,0.0,0.0,0.0,1.0,000000,Black
255,235,205,0.1,0.1961,1.0,0.0,0.0784,0.1961,0.0,FFEBCD,Blanched Almond
49,140,231,0.5833,0.7879,0.9059,0.7879,0.3939,0.0,0.0941,318CE7,Bleu De France
172,229,238,0.5227,0.2773,0.9333,0.2773,0.0378,0.0,0.0667,ACE5EE,Blizzard Blue
250,240,190,0.1389,0.24,0.9804,0.0,0.04,0.24,0.0196,FAF0BE,Blond
0,0,255,0.6667,1.0,1.0,1.0,1.0,0.0,0.0,0000FF,Blue
162,162,208,0.6667,0.2212,0.8157,0.2212,0.2212,0.0,0.1843,A2A2D0,Blue Bell
102,153,204,0.5833,0.5,0.8,0.5,0.25,0.0,0.2,6699CC,Blue Gray
13,152,186,0.5328,0.9301,0.7294,0.9301,0.1828,0.0,0.2706,0D98BA,Blue Green
138,43,226,0.7532,0.8097,0.8863,0.3894,0.8097,0.0,0.1137,8A2BE2,Blue Purple
138,43,226,0.7532,0.8097,0.8863,0.3894,0.8097,0.0,0.1137,8A2BE2,Blue Violet
222,93,131,0.9509,0.5811,0.8706,0.0,0.5811,0.4099,0.1294,DE5D83,Blush
121,68,59,0.0242,0.5124,0.4745,0.0,0.438,0.5124,0.5255,79443B,Bole
0,149,182,0.5302,1.0,0.7137,1.0,0.1813,0.0,0.2863,0095B6,Bondi Blue
227,218,201,0.109,0.1145,0.8902,0.0,0.0396,0.1145,0.1098,E3DAC9,Bone
204,0,0,0.0,1.0,0.8,0.0,1.0,1.0,0.2,CC0000,Boston University Red
0,106,78,0.456,1.0,0.4157,1.0,0.0,0.2642,0.5843,006A4E,Bottle Green
135,50,96,0.9098,0.6296,0.5294,0.0,0.6296,0.2889,0.4706,873260,Boysenberry
0,112,255,0.5935,1.0,1.0,1.0,0.5608,0.0,0.0,0070FF,Brandeis Blue
181,166,66,0.1449,0.6354,0.7098,0.0,0.0829,0.6354,0.2902,B5A642,Brass
203,65,84,0.9771,0.6798,0.7961,0.0,0.6798,0.5862,0.2039,CB4154,Brick Red
29,172,214,0.5378,0.8645,0.8392,0.8645,0.1963,0.0,0.1608,1DACD6,Bright Cerulean
102,255,0,0.2667,1.0,1.0,0.6,0.0,1.0,0.0,66FF00,Bright Green
191,148,228,0.7562,0.3509,0.8941,0.1623,0.3509,0.0,0.1059,BF94E4,Bright Lavender
195,33,72,0.9599,0.8308,0.7647,0.0,0.8308,0.6308,0.2353,C32148,Bright Maroon
255,0,127,0.917,1.0,1.0,0.0,1.0,0.502,0.0,FF007F,Bright Pink
8,232,222,0.4926,0.9655,0.9098,0.9655,0.0,0.0431,0.0902,08E8DE,Bright Turquoise
209,159,232,0.7808,0.3147,0.9098,0.0991,0.3147,0.0,0.0902,D19FE8,Bright Ube
244,187,255,0.8064,0.2667,1.0,0.0431,0.2667,0.0,0.0,F4BBFF,Brilliant Lavender
255,85,163,0.9235,0.6667,1.0,0.0,0.6667,0.3608,0.0,FF55A3,Brilliant Rose
251,96,127,0.9667,0.6175,0.9843,0.0,0.6175,0.494,0.0157,FB607F,Brink Pink
0,66,37,0.4268,1.0,0.2588,1.0,0.0,0.4394,0.7412,004225,British Racing Green
205,127,50,0.0828,0.7561,0.8039,0.0,0.3805,0.7561,0.1961,CD7F32,Bronze
165,42,42,0.0,0.7455,0.6471,0.0,0.7455,0.7455,0.3529,A52A2A,Brown
255,193,204,0.9704,0.2431,1.0,0.0,0.2431,0.2,0.0,FFC1CC,Bubble Gum
231,254,255,0.5069,0.0941,1.0,0.0941,0.0039,0.0,0.0,E7FEFF,Bubbles
240,220,130,0.1364,0.4583,0.9412,0.0,0.0833,0.4583,0.0588,F0DC82,Buff
72,6,7,0.9975,0.9167,0.2824,0.0,0.9167,0.9028,0.7176,480607,Bulgarian Rose
128,0,32,0.9583,1.0,0.502,0.0,1.0,0.75,0.498,800020,Burgundy
222,184,135,0.0939,0.3919,0.8706,0.0,0.1712,0.3919,0.1294,DEB887,Burlywood
204,85,0,0.0694,1.0,0.8,0.0,0.5833,1.0,0.2,CC5500,Burnt Orange
233,116,81,0.0384,0.6524,0.9137,0.0,0.5021,0.6524,0.0863,E97451,Burnt Sienna
138,51,36,0.0245,0.7391,0.5412,0.0,0.6304,0.7391,0.4588,8A3324,Burnt Umber
189,51,164,0.8635,0.7302,0.7412,0.0,0.7302,0.1323,0.2588,BD33A4,Byzantine
112,41,99,0.8638,0.6339,0.4392,0.0,0.6339,0.1161,0.5608,702963,Byzantium
0,122,165,0.5434,1.0,0.6471,1.0,0.2606,0.0,0.3529,007AA5,Cg Blue
224,60,49,0.0105,0.7812,0.8784,0.0,0.7321,0.7812,0.1216,E03C31,Cg Red
83,104,114,0.5538,0.2719,0.4471,0.2719,0.0877,0.0,0.5529,536872,Cadet
95,158,160,0.5051,0.4062,0.6275,0.4062,0.0125,0.0,0.3725,5F9EA0,Cadet Blue
145,163,176,0.5699,0.1761,0.6902,0.1761,0.0739,0.0,0.3098,91A3B0,Cadet Grey
0,107,60,0.4268,1.0,0.4196,1.0,0.0,0.4393,0.5804,006B3C,Cadmium Green
237,135,45,0.0781,0.8101,0.9294,0.0,0.4304,0.8101,0.0706,ED872D,Cadmium Orange
227,0,34,0.975,1.0,0.8902,0.0,1.0,0.8502,0.1098,E30022,Cadmium Red
255,246,0,0.1608,1.0,1.0,0.0,0.0353,1.0,0.0,FFF600,Cadmium Yellow
166,123,91,0.0711,0.4518,0.651,0.0,0.259,0.4518,0.349,A67B5B,Café Au Lait
75,54,33,0.0833,0.56,0.2941,0.0,0.28,0.56,0.7059,4B3621,Café Noir
30,77,43,0.3794,0.6104,0.302,0.6104,0.0,0.4416,0.698,1E4D2B,Cal Poly Pomona Green
163,193,173,0.3889,0.1554,0.7569,0.1554,0.0,0.1036,0.2431,A3C1AD,Cambridge Blue
193,154,107,0.0911,0.4456,0.7569,0.0,0.2021,0.4456,0.2431,C19A6B,Camel
120,134,107,0.2531,0.2015,0.5255,0.1045,0.0,0.2015,0.4745,78866B,Camouflage Green
255,255,153,0.1667,0.4,1.0,0.0,0.0,0.4,0.0,FFFF99,Canary
255,239,0,0.1562,1.0,1.0,0.0,0.0627,1.0,0.0,FFEF00,Canary Yellow
255,8,0,0.0052,1.0,1.0,0.0,0.9686,1.0,0.0,FF0800,Candy Apple Red
228,113,122,0.987,0.5044,0.8941,0.0,0.5044,0.4649,0.1059,E4717A,Candy Pink
0,191,255,0.5418,1.0,1.0,1.0,0.251,0.0,0.0,00BFFF,Capri
89,39,32,0.0205,0.6404,0.349,0.0,0.5618,0.6404,0.651,592720,Caput Mortuum
196,30,58,0.9719,0.8469,0.7686,0.0,0.8469,0.7041,0.2314,C41E3A,Cardinal
0,204,153,0.4583,1.0,0.8,1.0,0.0,0.25,0.2,00CC99,Caribbean Green
255,0,64,0.9582,1.0,1.0,0.0,1.0,0.749,0.0,FF0040,Carmine
235,76,66,0.0099,0.7191,0.9216,0.0,0.6766,0.7191,0.0784,EB4C42,Carmine Pink
255,0,56,0.9634,1.0,1.0,0.0,1.0,0.7804,0.0,FF0038,Carmine Red
255,166,201,0.9345,0.349,1.0,0.0,0.349,0.2118,0.0,FFA6C9,Carnation Pink
179,27,27,0.0,0.8492,0.702,0.0,0.8492,0.8492,0.298,B31B1B,Carnelian
153,186,221,0.5858,0.3077,0.8667,0.3077,0.1584,0.0,0.1333,99BADD,Carolina Blue
237,145,33,0.0915,0.8608,0.9294,0.0,0.3882,0.8608,0.0706,ED9121,Carrot Orange
172,225,175,0.3428,0.2356,0.8824,0.2356,0.0,0.2222,0.1176,ACE1AF,Celadon
178,255,255,0.5,0.302,1.0,0.302,0.0,0.0,0.0,B2FFFF,Celeste
73,151,208,0.5704,0.649,0.8157,0.649,0.274,0.0,0.1843,4997D0,Celestial Blue
222,49,99,0.9518,0.7793,0.8706,0.0,0.7793,0.5541,0.1294,DE3163,Cerise
236,59,131,0.9322,0.75,0.9255,0.0,0.75,0.4449,0.0745,EC3B83,Cerise Pink
0,123,167,0.5439,1.0,0.6549,1.0,0.2635,0.0,0.3451,007BA7,Cerulean
42,82,190,0.6216,0.7789,0.7451,0.7789,0.5684,0.0,0.2549,2A52BE,Cerulean Blue
160,120,90,0.0714,0.4375,0.6275,0.0,0.25,0.4375,0.3725,A0785A,Chamoisee
250,214,165,0.0961,0.34,0.9804,0.0,0.144,0.34,0.0196,FAD6A5,Champagne
54,69,79,0.5667,0.3165,0.3098,0.3165,0.1266,0.0,0.6902,36454F,Charcoal
127,255,0,0.2503,1.0,1.0,0.502,0.0,1.0,0.0,7FFF00,Chartreuse
222,49,99,0.9518,0.7793,0.8706,0.0,0.7793,0.5541,0.1294,DE3163,Cherry
255,183,197,0.9676,0.2824,1.0,0.0,0.2824,0.2275,0.0,FFB7C5,Cherry Blossom Pink
205,92,92,0.0,0.5512,0.8039,0.0,0.5512,0.5512,0.1961,CD5C5C,Chestnut
210,105,30,0.0694,0.8571,0.8235,0.0,0.5,0.8571,0.1765,D2691E,Chocolate
255,167,0,0.1092,1.0,1.0,0.0,0.3451,1.0,0.0,FFA700,Chrome Yellow
152,129,123,0.0345,0.1908,0.5961,0.0,0.1513,0.1908,0.4039,98817B,Cinereous
227,66,52,0.0133,0.7709,0.8902,0.0,0.7093,0.7709,0.1098,E34234,Cinnabar
210,105,30,0.0694,0.8571,0.8235,0.0,0.5,0.8571,0.1765,D2691E,Cinnamon
228,208,10,0.1514,0.9561,0.8941,0.0,0.0877,0.9561,0.1059,E4D00A,Citrine
251,204,231,0.9043,0.1873,0.9843,0.0,0.1873,0.0797,0.0157,FBCCE7,Classic Rose
0,71,171,0.5975,1.0,0.6706,1.0,0.5848,0.0,0.3294,0047AB,Cobalt
210,105,30,0.0694,0.8571,0.8235,0.0,0.5,0.8571,0.1765,D2691E,Cocoa Brown
111,78,55,0.0685,0.5045,0.4353,0.0,0.2973,0.5045,0.5647,6F4E37,Coffee
155,221,255,0.5567,0.3922,1.0,0.3922,0.1333,0.0,0.0,9BDDFF,Columbia Blue
0,46,99,0.5892,1.0,0.3882,1.0,0.5354,0.0,0.6118,002E63,Cool Black
140,146,172,0.6354,0.186,0.6745,0.186,0.1512,0.0,0.3255,8C92AC,Cool Grey
184,115,51,0.0802,0.7228,0.7216,0.0,0.375,0.7228,0.2784,B87333,Copper
153,102,102,0.0,0.3333,0.6,0.0,0.3333,0.3333,0.4,996666,Copper Rose
255,56,0,0.0366,1.0,1.0,0.0,0.7804,1.0,0.0,FF3800,Coquelicot
255,127,80,0.0448,0.6863,1.0,0.0,0.502,0.6863,0.0,FF7F50,Coral
248,131,121,0.0131,0.5121,0.9725,0.0,0.4718,0.5121,0.0275,F88379,Coral Pink
255,64,64,0.0,0.749,1.0,0.0,0.749,0.749,0.0,FF4040,Coral Red
137,63,69,0.9865,0.5401,0.5373,0.0,0.5401,0.4964,0.4627,893F45,Cordovan
251,236,93,0.1508,0.6295,0.9843,0.0,0.0598,0.6295,0.0157,FBEC5D,Corn
179,27,27,0.0,0.8492,0.702,0.0,0.8492,0.8492,0.298,B31B1B,Cornell Red
154,206,235,0.5597,0.3447,0.9216,0.3447,0.1234,0.0,0.0784,9ACEEB,Cornflower
100,149,237,0.6071,0.5781,0.9294,0.5781,0.3713,0.0,0.0706,6495ED,Cornflower Blue
255,248,220,0.1333,0.1373,1.0,0.0,0.0275,0.1373,0.0,FFF8DC,Cornsilk
255,248,231,0.1181,0.0941,1.0,0.0,0.0275,0.0941,0.0,FFF8E7,Cosmic Latte
255,188,217,0.9279,0.2627,1.0,0.0,0.2627,0.149,0.0,FFBCD9,Cotton Candy
255,253,208,0.1596,0.1843,1.0,0.0,0.0078,0.1843,0.0,FFFDD0,Cream
220,20,60,0.9667,0.9091,0.8627,0.0,0.9091,0.7273,0.1373,DC143C,Crimson
153,0,0,0.0,1.0,0.6,0.0,1.0,1.0,0.4,990000,Crimson Red
190,0,50,0.9561,1.0,0.7451,0.0,1.0,0.7368,0.2549,BE0032,Crimson Glory
0,255,255,0.5,1.0,1.0,1.0,0.0,0.0,0.0,00FFFF,Cyan
255,255,49,0.1667,0.8078,1.0,0.0,0.0,0.8078,0.0,FFFF31,Daffodil
240,225,48,0.1536,0.8,0.9412,0.0,0.0625,0.8,0.0588,F0E130,Dandelion
0,0,139,0.6667,1.0,0.5451,1.0,1.0,0.0,0.4549,00008B,Dark Blue
101,67,33,0.0833,0.6733,0.3961,0.0,0.3366,0.6733,0.6039,654321,Dark Brown
93,57,84,0.875,0.3871,0.3647,0.0,0.3871,0.0968,0.6353,5D3954,Dark Byzantium
164,0,0,0.0,1.0,0.6431,0.0,1.0,1.0,0.3569,A40000,Dark Candy Apple Red
8,69,126,0.5805,0.9365,0.4941,0.9365,0.4524,0.0,0.5059,08457E,Dark Cerulean
152,105,96,0.0268,0.3684,0.5961,0.0,0.3092,0.3684,0.4039,986960,Dark Chestnut
205,91,69,0.027,0.6634,0.8039,0.0,0.5561,0.6634,0.1961,CD5B45,Dark Coral
0,139,139,0.5,1.0,0.5451,1.0,0.0,0.0,0.4549,008B8B,Dark Cyan
83,104,120,0.5721,0.3083,0.4706,0.3083,0.1333,0.0,0.5294,536878,Dark Electric Blue
184,134,11,0.1185,0.9402,0.7216,0.0,0.2717,0.9402,0.2784,B8860B,Dark Goldenrod
169,169,169,0.0,0.0,0.6627,0.0,0.0,0.0,0.3373,A9A9A9,Dark Gray
1,50,32,0.4388,0.98,0.1961,0.98,0.0,0.36,0.8039,013220,Dark Green
26,36,33,0.45,0.2778,0.1412,0.2778,0.0,0.0833,0.8588,1A2421,Dark Jungle Green
189,183,107,0.1545,0.4339,0.7412,0.0,0.0317,0.4339,0.2588,BDB76B,Dark Khaki
72,60,50,0.0758,0.3056,0.2824,0.0,0.1667,0.3056,0.7176,483C32,Dark Lava
115,79,150,0.7512,0.4733,0.5882,0.2333,0.4733,0.0,0.4118,734F96,Dark Lavender
139,0,139,0.8333,1.0,0.5451,0.0,1.0,0.0,0.4549,8B008B,Dark Magenta
0,51,102,0.5833,1.0,0.4,1.0,0.5,0.0,0.6,003366,Dark Midnight Blue
85,107,47,0.2278,0.5607,0.4196,0.2056,0.0,0.5607,0.5804,556B2F,Dark Olive Green
255,140,0,0.0915,1.0,1.0,0.0,0.451,1.0,0.0,FF8C00,Dark Orange
153,50,204,0.7781,0.7549,0.8,0.25,0.7549,0.0,0.2,9932CC,Dark Orchid
119,158,203,0.5893,0.4138,0.7961,0.4138,0.2217,0.0,0.2039,779ECB,Dark Pastel Blue
3,192,60,0.3836,0.9844,0.7529,0.9844,0.0,0.6875,0.2471,03C03C,Dark Pastel Green
150,111,214,0.7298,0.4813,0.8392,0.2991,0.4813,0.0,0.1608,966FD6,Dark Pastel Purple
194,59,34,0.026,0.8247,0.7608,0.0,0.6959,0.8247,0.2392,C23B22,Dark Pastel Red
231,84,128,0.9501,0.6364,0.9059,0.0,0.6364,0.4459,0.0941,E75480,Dark Pink
0,51,153,0.6111,1.0,0.6,1.0,0.6667,0.0,0.4,003399,Dark Powder Blue
135,38,87,0.9158,0.7185,0.5294,0.0,0.7185,0.3556,0.4706,872657,Dark Raspberry
139,0,0,0.0,1.0,0.5451,0.0,1.0,1.0,0.4549,8B0000,Dark Red
233,150,122,0.042,0.4764,0.9137,0.0,0.3562,0.4764,0.0863,E9967A,Dark Salmon
86,3,25,0.9558,0.9651,0.3373,0.0,0.9651,0.7093,0.6627,560319,Dark Scarlet
143,188,143,0.3333,0.2394,0.7373,0.2394,0.0,0.2394,0.2627,8FBC8F,Dark Sea Green
60,20,20,0.0,0.6667,0.2353,0.0,0.6667,0.6667,0.7647,3C1414,Dark Sienna
72,61,139,0.6902,0.5612,0.5451,0.482,0.5612,0.0,0.4549,483D8B,Dark Slate Blue
47,79,79,0.5,0.4051,0.3098,0.4051,0.0,0.0,0.6902,2F4F4F,Dark Slate Gray
23,114,69,0.4176,0.7982,0.4471,0.7982,0.0,0.3947,0.5529,177245,Dark Spring Green
145,129,81,0.125,0.4414,0.5686,0.0,0.1103,0.4414,0.4314,918151,Dark Tan
255,168,18,0.1055,0.9294,1.0,0.0,0.3412,0.9294,0.0,FFA812,Dark Tangerine
72,60,50,0.0758,0.3056,0.2824,0.0,0.1667,0.3056,0.7176,483C32,Dark Taupe
204,78,92,0.9815,0.6176,0.8,0.0,0.6176,0.549,0.2,CC4E5C,Dark Terra Cotta
0,206,209,0.5024,1.0,0.8196,1.0,0.0144,0.0,0.1804,00CED1,Dark Turquoise
148,0,211,0.7836,1.0,0.8275,0.2986,1.0,0.0,0.1725,9400D3,Dark Violet
0,105,62,0.4317,1.0,0.4118,1.0,0.0,0.4095,0.5882,00693E,Dartmouth Green
85,85,85,0.0,0.0,0.3333,0.0,0.0,0.0,0.6667,555555,Davy Grey
215,10,83,0.9407,0.9535,0.8431,0.0,0.9535,0.614,0.1569,D70A53,Debian Red
169,32,62,0.9635,0.8107,0.6627,0.0,0.8107,0.6331,0.3373,A9203E,Deep Carmine
239,48,56,0.993,0.7992,0.9373,0.0,0.7992,0.7657,0.0627,EF3038,Deep Carmine Pink
233,105,44,0.0538,0.8112,0.9137,0.0,0.5494,0.8112,0.0863,E9692C,Deep Carrot Orange
218,50,135,0.9157,0.7706,0.8549,0.0,0.7706,0.3807,0.1451,DA3287,Deep Cerise
250,214,165,0.0961,0.34,0.9804,0.0,0.144,0.34,0.0196,FAD6A5,Deep Champagne
185,78,72,0.0088,0.6108,0.7255,0.0,0.5784,0.6108,0.2745,B94E48,Deep Chestnut
112,66,65,0.0035,0.4196,0.4392,0.0,0.4107,0.4196,0.5608,704241,Deep Coffee
193,84,193,0.8333,0.5648,0.7569,0.0,0.5648,0.0,0.2431,C154C1,Deep Fuchsia
0,75,73,0.4956,1.0,0.2941,1.0,0.0,0.0267,0.7059,004B49,Deep Jungle Green
153,85,187,0.7778,0.5455,0.7333,0.1818,0.5455,0.0,0.2667,9955BB,Deep Lilac
204,0,204,0.8333,1.0,0.8,0.0,1.0,0.0,0.2,CC00CC,Deep Magenta
255,203,164,0.0714,0.3569,1.0,0.0,0.2039,0.3569,0.0,FFCBA4,Deep Peach
255,20,147,0.9099,0.9216,1.0,0.0,0.9216,0.4235,0.0,FF1493,Deep Pink
255,153,51,0.0833,0.8,1.0,0.0,0.4,0.8,0.0,FF9933,Deep Saffron
0,191,255,0.5418,1.0,1.0,1.0,0.251,0.0,0.0,00BFFF,Deep Sky Blue
21,96,189,0.5923,0.8889,0.7412,0.8889,0.4921,0.0,0.2588,1560BD,Denim
193,154,107,0.0911,0.4456,0.7569,0.0,0.2021,0.4456,0.2431,C19A6B,Desert
237,201,175,0.0699,0.2616,0.9294,0.0,0.1519,0.2616,0.0706,EDC9AF,Desert Sand
105,105,105,0.0,0.0,0.4118,0.0,0.0,0.0,0.5882,696969,Dim Gray
30,144,255,0.5822,0.8824,1.0,0.8824,0.4353,0.0,0.0,1E90FF,Dodger Blue
215,24,104,0.9302,0.8884,0.8431,0.0,0.8884,0.5163,0.1569,D71868,Dogwood Rose
133,187,101,0.2713,0.4599,0.7333,0.2888,0.0,0.4599,0.2667,85BB65,Dollar Bill
150,113,23,0.1181,0.8467,0.5882,0.0,0.2467,0.8467,0.4118,967117,Drab
0,0,156,0.6667,1.0,0.6118,1.0,1.0,0.0,0.3882,00009C,Duke Blue
225,169,95,0.0949,0.5778,0.8824,0.0,0.2489,0.5778,0.1176,E1A95F,Earth Yellow
194,178,128,0.1263,0.3402,0.7608,0.0,0.0825,0.3402,0.2392,C2B280,Ecru
97,64,81,0.9141,0.3402,0.3804,0.0,0.3402,0.1649,0.6196,614051,Eggplant
240,234,214,0.1282,0.1083,0.9412,0.0,0.025,0.1083,0.0588,F0EAD6,Eggshell
16,52,166,0.6267,0.9036,0.651,0.9036,0.6867,0.0,0.349,1034A6,Egyptian Blue
125,249,255,0.5077,0.5098,1.0,0.5098,0.0235,0.0,0.0,7DF9FF,Electric Blue
255,0,63,0.9588,1.0,1.0,0.0,1.0,0.7529,0.0,FF003F,Electric Crimson
0,255,255,0.5,1.0,1.0,1.0,0.0,0.0,0.0,00FFFF,Electric Cyan
0,255,0,0.3333,1.0,1.0,1.0,0.0,1.0,0.0,00FF00,Electric Green
111,0,255,0.7392,1.0,1.0,0.5647,1.0,0.0,0.0,6F00FF,Electric Indigo
244,187,255,0.8064,0.2667,1.0,0.0431,0.2667,0.0,0.0,F4BBFF,Electric Lavender
204,255,0,0.2,1.0,1.0,0.2,0.0,1.0,0.0,CCFF00,Electric Lime
191,0,255,0.7915,1.0,1.0,0.251,1.0,0.0,0.0,BF00FF,Electric Purple
63,0,255,0.7078,1.0,1.0,0.7529,1.0,0.0,0.0,3F00FF,Electric Ultramarine
143,0,255,0.7601,1.0,1.0,0.4392,1.0,0.0,0.0,8F00FF,Electric Violet
255,255,0,0.1667,1.0,1.0,0.0,0.0,1.0,0.0,FFFF00,Electric Yellow
80,200,120,0.3889,0.6,0.7843,0.6,0.0,0.4,0.2157,50C878,Emerald
150,200,162,0.3733,0.25,0.7843,0.25,0.0,0.19,0.2157,96C8A2,Eton Blue
193,154,107,0.0911,0.4456,0.7569,0.0,0.2021,0.4456,0.2431,C19A6B,Fallow
128,24,24,0.0,0.8125,0.502,0.0,0.8125,0.8125,0.498,801818,Falu Red
255,0,255,0.8333,1.0,1.0,0.0,1.0,0.0,0.0,FF00FF,Famous
181,51,137,0.8897,0.7182,0.7098,0.0,0.7182,0.2431,0.2902,B53389,Fandango
244,0,161,0.89,1.0,0.9569,0.0,1.0,0.3402,0.0431,F400A1,Fashion Fuchsia
229,170,112,0.0826,0.5109,0.898,0.0,0.2576,0.5109,0.102,E5AA70,Fawn
77,93,83,0.3958,0.172,0.3647,0.172,0.0,0.1075,0.6353,4D5D53,Feldgrau
113,188,120,0.3489,0.3989,0.7373,0.3989,0.0,0.3617,0.2627,71BC78,Fern
79,121,66,0.2939,0.4545,0.4745,0.3471,0.0,0.4545,0.5255,4F7942,Fern Green
255,40,0,0.0261,1.0,1.0,0.0,0.8431,1.0,0.0,FF2800,Ferrari Red
108,84,30,0.1154,0.7222,0.4235,0.0,0.2222,0.7222,0.5765,6C541E,Field Drab
206,32,41,0.9914,0.8447,0.8078,0.0,0.8447,0.801,0.1922,CE2029,Fire Engine Red
178,34,34,0.0,0.809,0.698,0.0,0.809,0.809,0.302,B22222,Firebrick
226,88,34,0.0469,0.8496,0.8863,0.0,0.6106,0.8496,0.1137,E25822,Flame
252,142,172,0.9545,0.4365,0.9882,0.0,0.4365,0.3175,0.0118,FC8EAC,Flamingo Pink
247,233,142,0.1444,0.4251,0.9686,0.0,0.0567,0.4251,0.0314,F7E98E,Flavescent
238,220,130,0.1389,0.4538,0.9333,0.0,0.0756,0.4538,0.0667,EEDC82,Flax
255,250,240,0.1111,0.0588,1.0,0.0,0.0196,0.0588,0.0,FFFAF0,Floral White
255,191,0,0.1248,1.0,1.0,0.0,0.251,1.0,0.0,FFBF00,Fluorescent Orange
255,20,147,0.9099,0.9216,1.0,0.0,0.9216,0.4235,0.0,FF1493,Fluorescent Pink
204,255,0,0.2,1.0,1.0,0.2,0.0,1.0,0.0,CCFF00,Fluorescent Yellow
255,0,79,0.9484,1.0,1.0,0.0,1.0,0.6902,0.0,FF004F,Folly
34,139,34,0.3333,0.7554,0.5451,0.7554,0.0,0.7554,0.4549,228B22,Forest Green
166,123,91,0.0711,0.4518,0.651,0.0,0.259,0.4518,0.349,A67B5B,French Beige
0,114,187,0.5651,1.0,0.7333,1.0,0.3904,0.0,0.2667,0072BB,French Blue
134,96,142,0.8043,0.3239,0.5569,0.0563,0.3239,0.0,0.4431,86608E,French Lilac
246,74,138,0.938,0.6992,0.9647,0.0,0.6992,0.439,0.0353,F64A8A,French Rose
255,0,255,0.8333,1.0,1.0,0.0,1.0,0.0,0.0,FF00FF,Fuchsia
255,119,255,0.8333,0.5333,1.0,0.0,0.5333,0.0,0.0,FF77FF,Fuchsia Pink
228,132,0,0.0965,1.0,0.8941,0.0,0.4211,1.0,0.1059,E48400,Fulvous
204,102,102,0.0,0.5,0.8,0.0,0.5,0.5,0.2,CC6666,Fuzzy Wuzzy
220,220,220,0.0,0.0,0.8627,0.0,0.0,0.0,0.1373,DCDCDC,Gainsboro
228,155,15,0.1095,0.9342,0.8941,0.0,0.3202,0.9342,0.1059,E49B0F,Gamboge
248,248,255,0.6667,0.0275,1.0,0.0275,0.0275,0.0,0.0,F8F8FF,Ghost White
176,101,0,0.0956,1.0,0.6902,0.0,0.4261,1.0,0.3098,B06500,Ginger
96,130,182,0.6008,0.4725,0.7137,0.4725,0.2857,0.0,0.2863,6082B6,Glaucous
230,232,250,0.65,0.08,0.9804,0.08,0.072,0.0,0.0196,E6E8FA,Glitter
255,215,0,0.1405,1.0,1.0,0.0,0.1569,1.0,0.0,FFD700,Gold
153,101,21,0.101,0.8627,0.6,0.0,0.3399,0.8627,0.4,996515,Golden Brown
252,194,0,0.1283,1.0,0.9882,0.0,0.2302,1.0,0.0118,FCC200,Golden Poppy
255,223,0,0.1458,1.0,1.0,0.0,0.1255,1.0,0.0,FFDF00,Golden Yellow
218,165,32,0.1192,0.8532,0.8549,0.0,0.2431,0.8532,0.1451,DAA520,Goldenrod
168,228,160,0.3137,0.2982,0.8941,0.2632,0.0,0.2982,0.1059,A8E4A0,Granny Smith Apple
128,128,128,0.0,0.0,0.502,0.0,0.0,0.0,0.498,808080,Gray
70,89,69,0.325,0.2247,0.349,0.2135,0.0,0.2247,0.651,465945,Gray Asparagus
0,255,0,0.3333,1.0,1.0,1.0,0.0,1.0,0.0,00FF00,Green
17,100,180,0.5818,0.9056,0.7059,0.9056,0.4444,0.0,0.2941,1164B4,Green Blue
173,255,47,0.2324,0.8157,1.0,0.3216,0.0,0.8157,0.0,ADFF2F,Green Yellow
169,154,134,0.0952,0.2071,0.6627,0.0,0.0888,0.2071,0.3373,A99A86,Grullo
0,255,127,0.4163,1.0,1.0,1.0,0.0,0.502,0.0,00FF7F,Guppie Green
102,56,84,0.8986,0.451,0.4,0.0,0.451,0.1765,0.6,663854,Halayà Úbe
68,108,207,0.6187,0.6715,0.8118,0.6715,0.4783,0.0,0.1882,446CCF,Han Blue
82,24,250,0.7094,0.904,0.9804,0.672,0.904,0.0,0.0196,5218FA,Han Purple
233,214,107,0.1415,0.5408,0.9137,0.0,0.0815,0.5408,0.0863,E9D66B,Hansa Yellow
63,255,0,0.2922,1.0,1.0,0.7529,0.0,1.0,0.0,3FFF00,Harlequin
201,0,22,0.9818,1.0,0.7882,0.0,1.0,0.8905,0.2118,C90016,Harvard Crimson
218,145,0,0.1109,1.0,0.8549,0.0,0.3349,1.0,0.1451,DA9100,Harvest Gold
128,128,0,0.1667,1.0,0.502,0.0,0.0,1.0,0.498,808000,Heart Gold
223,115,255,0.7952,0.549,1.0,0.1255,0.549,0.0,0.0,DF73FF,Heliotrope
244,0,161,0.89,1.0,0.9569,0.0,1.0,0.3402,0.0431,F400A1,Hollywood Cerise
240,255,240,0.3333,0.0588,1.0,0.0588,0.0,0.0588,0.0,F0FFF0,Honeydew
73,121,107,0.4514,0.3967,0.4745,0.3967,0.0,0.1157,0.5255,49796B,Hooker Green
255,29,206,0.8695,0.8863,1.0,0.0,0.8863,0.1922,0.0,FF1DCE,Hot Magenta
255,105,180,0.9167,0.5882,1.0,0.0,0.5882,0.2941,0.0,FF69B4,Hot Pink
53,94,59,0.3577,0.4362,0.3686,0.4362,0.0,0.3723,0.6314,355E3B,Hunter Green
252,247,94,0.1614,0.627,0.9882,0.0,0.0198,0.627,0.0118,FCF75E,Icterine
178,236,93,0.2343,0.6059,0.9255,0.2458,0.0,0.6059,0.0745,B2EC5D,Inchworm
19,136,8,0.319,0.9412,0.5333,0.8603,0.0,0.9412,0.4667,138808,India Green
205,92,92,0.0,0.5512,0.8039,0.0,0.5512,0.5512,0.1961,CD5C5C,Indian Red
227,168,87,0.0964,0.6167,0.8902,0.0,0.2599,0.6167,0.1098,E3A857,Indian Yellow
75,0,130,0.7628,1.0,0.5098,0.4231,1.0,0.0,0.4902,4B0082,Indigo
0,47,167,0.6198,1.0,0.6549,1.0,0.7186,0.0,0.3451,002FA7,International Klein Blue
255,79,0,0.0516,1.0,1.0,0.0,0.6902,1.0,0.0,FF4F00,International Orange
90,79,207,0.681,0.6184,0.8118,0.5652,0.6184,0.0,0.1882,5A4FCF,Iris
244,240,236,0.0833,0.0328,0.9569,0.0,0.0164,0.0328,0.0431,F4F0EC,Isabelline
0,144,0,0.3333,1.0,0.5647,1.0,0.0,1.0,0.4353,009000,Islamic Green
255,255,240,0.1667,0.0588,1.0,0.0,0.0,0.0588,0.0,FFFFF0,Ivory
0,168,107,0.4395,1.0,0.6588,1.0,0.0,0.3631,0.3412,00A86B,Jade
248,222,126,0.1311,0.4919,0.9725,0.0,0.1048,0.4919,0.0275,F8DE7E,Jasmine
215,59,62,0.9968,0.7256,0.8431,0.0,0.7256,0.7116,0.1569,D73B3E,Jasper
165,11,94,0.9102,0.9333,0.6471,0.0,0.9333,0.4303,0.3529,A50B5E,Jazzberry Jam
250,218,94,0.1325,0.624,0.9804,0.0,0.128,0.624,0.0196,FADA5E,Jonquil
189,218,87,0.2036,0.6009,0.8549,0.133,0.0,0.6009,0.1451,BDDA57,June Bud
41,171,135,0.4538,0.7602,0.6706,0.7602,0.0,0.2105,0.3294,29AB87,Jungle Green
232,0,13,0.9907,1.0,0.9098,0.0,1.0,0.944,0.0902,E8000D,Ku Crimson
76,187,23,0.2795,0.877,0.7333,0.5936,0.0,0.877,0.2667,4CBB17,Kelly Green
195,176,145,0.1033,0.2564,0.7647,0.0,0.0974,0.2564,0.2353,C3B091,Khaki
8,120,48,0.3929,0.9333,0.4706,0.9333,0.0,0.6,0.5294,087830,La Salle Green
214,202,221,0.7719,0.086,0.8667,0.0317,0.086,0.0,0.1333,D6CADD,Languid Lavender
38,97,156,0.5833,0.7564,0.6118,0.7564,0.3782,0.0,0.3882,26619C,Lapis Lazuli
254,254,34,0.1667,0.8661,0.9961,0.0,0.0,0.8661,0.0039,FEFE22,Laser Lemon
169,186,157,0.2644,0.1559,0.7294,0.0914,0.0,0.1559,0.2706,A9BA9D,Laurel Green
207,16,32,0.986,0.9227,0.8118,0.0,0.9227,0.8454,0.1882,CF1020,Lava
230,230,250,0.6667,0.08,0.9804,0.08,0.08,0.0,0.0196,E6E6FA,Lavender
204,204,255,0.6667,0.2,1.0,0.2,0.2,0.0,0.0,CCCCFF,Lavender Blue
255,240,245,0.9444,0.0588,1.0,0.0,0.0588,0.0392,0.0,FFF0F5,Lavender Blush
196,195,208,0.6795,0.0625,0.8157,0.0577,0.0625,0.0,0.1843,C4C3D0,Lavender Gray
148,87,235,0.7354,0.6298,0.9216,0.3702,0.6298,0.0,0.0784,9457EB,Lavender Indigo
238,130,238,0.8333,0.4538,0.9333,0.0,0.4538,0.0,0.0667,EE82EE,Lavender Magenta
230,230,250,0.6667,0.08,0.9804,0.08,0.08,0.0,0.0196,E6E6FA,Lavender Mist
251,174,210,0.9221,0.3068,0.9843,0.0,0.3068,0.1633,0.0157,FBAED2,Lavender Pink
150,123,182,0.7429,0.3242,0.7137,0.1758,0.3242,0.0,0.2863,967BB6,Lavender Purple
251,160,227,0.8773,0.3625,0.9843,0.0,0.3625,0.0956,0.0157,FBA0E3,Lavender Rose
124,252,0,0.2513,1.0,0.9882,0.5079,0.0,1.0,0.0118,7CFC00,Lawn Green
255,247,0,0.1614,1.0,1.0,0.0,0.0314,1.0,0.0,FFF700,Lemon
255,244,79,0.1563,0.6902,1.0,0.0,0.0431,0.6902,0.0,FFF44F,Lemon Yellow
255,250,205,0.15,0.1961,1.0,0.0,0.0196,0.1961,0.0,FFFACD,Lemon Chiffon
191,255,0,0.2085,1.0,1.0,0.251,0.0,1.0,0.0,BFFF00,Lemon Lime
245,105,145,0.9524,0.5714,0.9608,0.0,0.5714,0.4082,0.0392,F56991,Light Crimson
230,143,172,0.9444,0.3783,0.902,0.0,0.3783,0.2522,0.098,E68FAC,Light Thulian Pink
253,213,177,0.0789,0.3004,0.9922,0.0,0.1581,0.3004,0.0078,FDD5B1,Light Apricot
173,216,230,0.5409,0.2478,0.902,0.2478,0.0609,0.0,0.098,ADD8E6,Light Blue
181,101,29,0.0789,0.8398,0.7098,0.0,0.442,0.8398,0.2902,B5651D,Light Brown
230,103,113,0.9869,0.5522,0.902,0.0,0.5522,0.5087,0.098,E66771,Light Carmine Pink
240,128,128,0.0,0.4667,0.9412,0.0,0.4667,0.4667,0.0588,F08080,Light Coral
147,204,234,0.5575,0.3718,0.9176,0.3718,0.1282,0.0,0.0824,93CCEA,Light Cornflower Blue
224,255,255,0.5,0.1216,1.0,0.1216,0.0,0.0,0.0,E0FFFF,Light Cyan
249,132,239,0.8476,0.4699,0.9765,0.0,0.4699,0.0402,0.0235,F984EF,Light Fuchsia Pink
250,250,210,0.1667,0.16,0.9804,0.0,0.0,0.16,0.0196,FAFAD2,Light Goldenrod Yellow
211,211,211,0.0,0.0,0.8275,0.0,0.0,0.0,0.1725,D3D3D3,Light Gray
144,238,144,0.3333,0.395,0.9333,0.395,0.0,0.395,0.0667,90EE90,Light Green
240,230,140,0.15,0.4167,0.9412,0.0,0.0417,0.4167,0.0588,F0E68C,Light Khaki
177,156,217,0.724,0.2811,0.851,0.1843,0.2811,0.0,0.149,B19CD9,Light Pastel Purple
255,182,193,0.9749,0.2863,1.0,0.0,0.2863,0.2431,0.0,FFB6C1,Light Pink
255,160,122,0.0476,0.5216,1.0,0.0,0.3725,0.5216,0.0,FFA07A,Light Salmon
255,153,153,0.0,0.4,1.0,0.0,0.4,0.4,0.0,FF9999,Light Salmon Pink
32,178,170,0.4909,0.8202,0.698,0.8202,0.0,0.0449,0.302,20B2AA,Light Sea Green
135,206,250,0.5638,0.46,0.9804,0.46,0.176,0.0,0.0196,87CEFA,Light Sky Blue
119,136,153,0.5833,0.2222,0.6,0.2222,0.1111,0.0,0.4,778899,Light Slate Gray
179,139,109,0.0714,0.3911,0.702,0.0,0.2235,0.3911,0.298,B38B6D,Light Taupe
255,255,237,0.1667,0.0706,1.0,0.0,0.0,0.0706,0.0,FFFFED,Light Yellow
200,162,200,0.8333,0.19,0.7843,0.0,0.19,0.0,0.2157,C8A2C8,Lilac
191,255,0,0.2085,1.0,1.0,0.251,0.0,1.0,0.0,BFFF00,Lime
50,205,50,0.3333,0.7561,0.8039,0.7561,0.0,0.7561,0.1961,32CD32,Lime Green
25,89,5,0.2937,0.9438,0.349,0.7191,0.0,0.9438,0.651,195905,Lincoln Green
250,240,230,0.0833,0.08,0.9804,0.0,0.04,0.08,0.0196,FAF0E6,Linen
193,154,107,0.0911,0.4456,0.7569,0.0,0.2021,0.4456,0.2431,C19A6B,Lion
83,75,79,0.9167,0.0964,0.3255,0.0,0.0964,0.0482,0.6745,534B4F,Liver
230,32,32,0.0,0.8609,0.902,0.0,0.8609,0.8609,0.098,E62020,Lust
24,69,59,0.463,0.6522,0.2706,0.6522,0.0,0.1449,0.7294,18453B,Msu Green
255,189,136,0.0742,0.4667,1.0,0.0,0.2588,0.4667,0.0,FFBD88,Macaroni And Cheese
255,0,255,0.8333,1.0,1.0,0.0,1.0,0.0,0.0,FF00FF,Magenta
170,240,209,0.4262,0.2917,0.9412,0.2917,0.0,0.1292,0.0588,AAF0D1,Magic Mint
248,244,255,0.7273,0.0431,1.0,0.0275,0.0431,0.0,0.0,F8F4FF,Magnolia
192,64,0,0.0556,1.0,0.7529,0.0,0.6667,1.0,0.2471,C04000,Mahogany
251,236,93,0.1508,0.6295,0.9843,0.0,0.0598,0.6295,0.0157,FBEC5D,Maize
96,80,220,0.6857,0.6364,0.8627,0.5636,0.6364,0.0,0.1373,6050DC,Majorelle Blue
11,218,81,0.3897,0.9495,0.8549,0.9495,0.0,0.6284,0.1451,0BDA51,Malachite
151,154,170,0.6404,0.1118,0.6667,0.1118,0.0941,0.0,0.3333,979AAA,Manatee
255,130,67,0.0559,0.7373,1.0,0.0,0.4902,0.7373,0.0,FF8243,Mango Tango
116,195,101,0.3067,0.4821,0.7647,0.4051,0.0,0.4821,0.2353,74C365,Mantis
128,0,0,0.0,1.0,0.502,0.0,1.0,1.0,0.498,800000,Maroon
224,176,255,0.7679,0.3098,1.0,0.1216,0.3098,0.0,0.0,E0B0FF,Mauve
145,95,109,0.9533,0.3448,0.5686,0.0,0.3448,0.2483,0.4314,915F6D,Mauve Taupe
239,152,170,0.9655,0.364,0.9373,0.0,0.364,0.2887,0.0627,EF98AA,Mauvelous
115,194,251,0.5699,0.5418,0.9843,0.5418,0.2271,0.0,0.0157,73C2FB,Maya Blue
229,183,59,0.1216,0.7424,0.898,0.0,0.2009,0.7424,0.102,E5B73B,Meat Brown
0,103,165,0.5626,1.0,0.6471,1.0,0.3758,0.0,0.3529,0067A5,Medium Persian Blue
102,221,170,0.4286,0.5385,0.8667,0.5385,0.0,0.2308,0.1333,66DDAA,Medium Aquamarine
0,0,205,0.6667,1.0,0.8039,1.0,1.0,0.0,0.1961,0000CD,Medium Blue
226,6,44,0.9712,0.9735,0.8863,0.0,0.9735,0.8053,0.1137,E2062C,Medium Candy Apple Red
175,64,53,0.015,0.6971,0.6863,0.0,0.6343,0.6971,0.3137,AF4035,Medium Carmine
243,229,171,0.1343,0.2963,0.9529,0.0,0.0576,0.2963,0.0471,F3E5AB,Medium Champagne
3,80,150,0.5794,0.98,0.5882,0.98,0.4667,0.0,0.4118,035096,Medium Electric Blue
28,53,45,0.4467,0.4717,0.2078,0.4717,0.0,0.1509,0.7922,1C352D,Medium Jungle Green
221,160,221,0.8333,0.276,0.8667,0.0,0.276,0.0,0.1333,DDA0DD,Medium Lavender Magenta
186,85,211,0.8003,0.5972,0.8275,0.1185,0.5972,0.0,0.1725,BA55D3,Medium Orchid
147,112,219,0.7212,0.4886,0.8588,0.3288,0.4886,0.0,0.1412,9370DB,Medium Purple
187,51,133,0.8995,0.7273,0.7333,0.0,0.7273,0.2888,0.2667,BB3385,Medium Red Violet
60,179,113,0.4076,0.6648,0.702,0.6648,0.0,0.3687,0.298,3CB371,Medium Sea Green
123,104,238,0.6903,0.563,0.9333,0.4832,0.563,0.0,0.0667,7B68EE,Medium Slate Blue
201,220,135,0.2039,0.3864,0.8627,0.0864,0.0,0.3864,0.1373,C9DC87,Medium Spring Bud
0,250,154,0.436,1.0,0.9804,1.0,0.0,0.384,0.0196,00FA9A,Medium Spring Green
103,76,71,0.026,0.3107,0.4039,0.0,0.2621,0.3107,0.5961,674C47,Medium Taupe
0,84,180,0.5889,1.0,0.7059,1.0,0.5333,0.0,0.2941,0054B4,Medium Teal Blue
72,209,204,0.4939,0.6555,0.8196,0.6555,0.0,0.0239,0.1804,48D1CC,Medium Turquoise
199,21,133,0.8951,0.8945,0.7804,0.0,0.8945,0.3317,0.2196,C71585,Medium Violet Red
253,188,180,0.0183,0.2885,0.9922,0.0,0.2569,0.2885,0.0078,FDBCB4,Melon
25,25,112,0.6667,0.7768,0.4392,0.7768,0.7768,0.0,0.5608,191970,Midnight Blue
0,73,83,0.5201,1.0,0.3255,1.0,0.1205,0.0,0.6745,004953,Midnight Green
255,196,12,0.1262,0.9529,1.0,0.0,0.2314,0.9529,0.0,FFC40C,Mikado Yellow
62,180,137,0.4393,0.6556,0.7059,0.6556,0.0,0.2389,0.2941,3EB489,Mint
245,255,250,0.4167,0.0392,1.0,0.0392,0.0,0.0196,0.0,F5FFFA,Mint Cream
152,255,152,0.3333,0.4039,1.0,0.4039,0.0,0.4039,0.0,98FF98,Mint Green
255,228,225,0.0167,0.1176,1.0,0.0,0.1059,0.1176,0.0,FFE4E1,Misty Rose
250,235,215,0.0952,0.14,0.9804,0.0,0.06,0.14,0.0196,FAEBD7,Moccasin
150,113,23,0.1181,0.8467,0.5882,0.0,0.2467,0.8467,0.4118,967117,Mode Beige
115,169,194,0.5527,0.4072,0.7608,0.4072,0.1289,0.0,0.2392,73A9C2,Moonstone Blue
174,12,0,0.0115,1.0,0.6824,0.0,0.931,1.0,0.3176,AE0C00,Mordant Red 19
173,223,173,0.3333,0.2242,0.8745,0.2242,0.0,0.2242,0.1255,ADDFAD,Moss Green
48,186,143,0.4481,0.7419,0.7294,0.7419,0.0,0.2312,0.2706,30BA8F,Mountain Meadow
153,122,141,0.8978,0.2026,0.6,0.0,0.2026,0.0784,0.4,997A8D,Mountbatten Pink
197,75,140,0.9112,0.6193,0.7725,0.0,0.6193,0.2893,0.2275,C54B8C,Mulberry
242,243,244,0.5833,0.0082,0.9569,0.0082,0.0041,0.0,0.0431,F2F3F4,Munsell
255,219,88,0.1307,0.6549,1.0,0.0,0.1412,0.6549,0.0,FFDB58,Mustard
33,66,30,0.3194,0.5455,0.2588,0.5,0.0,0.5455,0.7412,21421E,Myrtle
246,173,198,0.9429,0.2967,0.9647,0.0,0.2967,0.1951,0.0353,F6ADC6,Nadeshiko Pink
42,128,0,0.2786,1.0,0.502,0.6719,0.0,1.0,0.498,2A8000,Napier Green
250,218,94,0.1325,0.624,0.9804,0.0,0.128,0.624,0.0196,FADA5E,Naples Yellow
255,222,173,0.0996,0.3216,1.0,0.0,0.1294,0.3216,0.0,FFDEAD,Navajo White
0,0,128,0.6667,1.0,0.502,1.0,1.0,0.0,0.498,000080,Navy Blue
255,163,67,0.0851,0.7373,1.0,0.0,0.3608,0.7373,0.0,FFA343,Neon Carrot
254,89,194,0.8939,0.6496,0.9961,0.0,0.6496,0.2362,0.0039,FE59C2,Neon Fuchsia
57,255,20,0.3071,0.9216,1.0,0.7765,0.0,0.9216,0.0,39FF14,Neon Green
164,221,237,0.5365,0.308,0.9294,0.308,0.0675,0.0,0.0706,A4DDED,Non-Photo Blue
5,144,51,0.3885,0.9653,0.5647,0.9653,0.0,0.6458,0.4353,059033,North Texas Green
0,119,190,0.5623,1.0,0.7451,1.0,0.3737,0.0,0.2549,0077BE,Ocean Boat Blue
204,119,34,0.0833,0.8333,0.8,0.0,0.4167,0.8333,0.2,CC7722,Ochre
0,128,0,0.3333,1.0,0.502,1.0,0.0,1.0,0.498,008000,Office Green
207,181,59,0.1374,0.715,0.8118,0.0,0.1256,0.715,0.1882,CFB53B,Old Gold
253,245,230,0.1087,0.0909,0.9922,0.0,0.0316,0.0909,0.0078,FDF5E6,Old Lace
121,104,120,0.8431,0.1405,0.4745,0.0,0.1405,0.0083,0.5255,796878,Old Lavender
103,49,71,0.9321,0.5243,0.4039,0.0,0.5243,0.3107,0.5961,673147,Old Mauve
192,128,129,0.9974,0.3333,0.7529,0.0,0.3333,0.3281,0.2471,C08081,Old Rose
128,128,0,0.1667,1.0,0.502,0.0,0.0,1.0,0.498,808000,Olive
107,142,35,0.2212,0.7535,0.5569,0.2465,0.0,0.7535,0.4431,6B8E23,Olive Drab
186,184,108,0.1624,0.4194,0.7294,0.0,0.0108,0.4194,0.2706,BAB86C,Olive Green
154,185,115,0.2405,0.3784,0.7255,0.1676,0.0,0.3784,0.2745,9AB973,Olivine
15,15,15,0.0,0.0,0.0588,0.0,0.0,0.0,0.9412,0F0F0F,Onyx
183,132,167,0.8856,0.2787,0.7176,0.0,0.2787,0.0874,0.2824,B784A7,Opera Mauve
255,165,0,0.1078,1.0,1.0,0.0,0.3529,1.0,0.0,FFA500,Orange
248,213,104,0.1262,0.5806,0.9725,0.0,0.1411,0.5806,0.0275,F8D568,Orange Yellow
255,159,0,0.1039,1.0,1.0,0.0,0.3765,1.0,0.0,FF9F00,Orange Peel
255,69,0,0.0451,1.0,1.0,0.0,0.7294,1.0,0.0,FF4500,Orange Red
218,112,214,0.8396,0.4862,0.8549,0.0,0.4862,0.0183,0.1451,DA70D6,Orchid
101,67,33,0.0833,0.6733,0.3961,0.0,0.3366,0.6733,0.6039,654321,Otter Brown
65,74,76,0.5303,0.1447,0.298,0.1447,0.0263,0.0,0.702,414A4C,Outer Space
255,110,74,0.0331,0.7098,1.0,0.0,0.5686,0.7098,0.0,FF6E4A,Outrageous Orange
0,33,71,0.5892,1.0,0.2784,1.0,0.5352,0.0,0.7216,002147,Oxford Blue
28,169,201,0.5308,0.8607,0.7882,0.8607,0.1592,0.0,0.2118,1CA9C9,Pacific Blue
0,102,0,0.3333,1.0,0.4,1.0,0.0,1.0,0.6,006600,Pakistan Green
39,59,226,0.6488,0.8274,0.8863,0.8274,0.7389,0.0,0.1137,273BE2,Palatinate Blue
104,40,96,0.8542,0.6154,0.4078,0.0,0.6154,0.0769,0.5922,682860,Palatinate Purple
188,212,230,0.5714,0.1826,0.902,0.1826,0.0783,0.0,0.098,BCD4E6,Pale Aqua
175,238,238,0.5,0.2647,0.9333,0.2647,0.0,0.0,0.0667,AFEEEE,Pale Blue
152,118,84,0.0833,0.4474,0.5961,0.0,0.2237,0.4474,0.4039,987654,Pale Brown
175,64,53,0.015,0.6971,0.6863,0.0,0.6343,0.6971,0.3137,AF4035,Pale Carmine
155,196,226,0.5704,0.3142,0.8863,0.3142,0.1327,0.0,0.1137,9BC4E2,Pale Cerulean
221,173,175,0.9931,0.2172,0.8667,0.0,0.2172,0.2081,0.1333,DDADAF,Pale Chestnut
218,138,103,0.0507,0.5275,0.8549,0.0,0.367,0.5275,0.1451,DA8A67,Pale Copper
171,205,239,0.5833,0.2845,0.9373,0.2845,0.1423,0.0,0.0627,ABCDEF,Pale Cornflower Blue
230,190,138,0.0942,0.4,0.902,0.0,0.1739,0.4,0.098,E6BE8A,Pale Gold
238,232,170,0.152,0.2857,0.9333,0.0,0.0252,0.2857,0.0667,EEE8AA,Pale Goldenrod
152,251,152,0.3333,0.3944,0.9843,0.3944,0.0,0.3944,0.0157,98FB98,Pale Green
220,208,255,0.7092,0.1843,1.0,0.1373,0.1843,0.0,0.0,DCD0FF,Pale Lavender
249,132,229,0.8618,0.4699,0.9765,0.0,0.4699,0.0803,0.0235,F984E5,Pale Magenta
250,218,221,0.9844,0.128,0.9804,0.0,0.128,0.116,0.0196,FADADD,Pale Pink
221,160,221,0.8333,0.276,0.8667,0.0,0.276,0.0,0.1333,DDA0DD,Pale Plum
219,112,147,0.9455,0.4886,0.8588,0.0,0.4886,0.3288,0.1412,DB7093,Pale Red Violet
150,222,209,0.4699,0.3243,0.8706,0.3243,0.0,0.0586,0.1294,96DED1,Pale Robin Egg Blue
201,192,187,0.0595,0.0697,0.7882,0.0,0.0448,0.0697,0.2118,C9C0BB,Pale Silver
236,235,189,0.1631,0.1992,0.9255,0.0,0.0042,0.1992,0.0745,ECEBBD,Pale Spring Bud
188,152,126,0.0699,0.3298,0.7373,0.0,0.1915,0.3298,0.2627,BC987E,Pale Taupe
219,112,147,0.9455,0.4886,0.8588,0.0,0.4886,0.3288,0.1412,DB7093,Pale Violet Red
120,24,74,0.9132,0.8,0.4706,0.0,0.8,0.3833,0.5294,78184A,Pansy Purple
255,239,213,0.1032,0.1647,1.0,0.0,0.0627,0.1647,0.0,FFEFD5,Papaya Whip
80,200,120,0.3889,0.6,0.7843,0.6,0.0,0.4,0.2157,50C878,Paris Green
174,198,207,0.5455,0.1594,0.8118,0.1594,0.0435,0.0,0.1882,AEC6CF,Pastel Blue
131,105,83,0.0764,0.3664,0.5137,0.0,0.1985,0.3664,0.4863,836953,Pastel Brown
207,207,196,0.1667,0.0531,0.8118,0.0,0.0,0.0531,0.1882,CFCFC4,Pastel Gray
119,221,119,0.3333,0.4615,0.8667,0.4615,0.0,0.4615,0.1333,77DD77,Pastel Green
244,154,194,0.9259,0.3689,0.9569,0.0,0.3689,0.2049,0.0431,F49AC2,Pastel Magenta
255,179,71,0.0978,0.7216,1.0,0.0,0.298,0.7216,0.0,FFB347,Pastel Orange
255,209,220,0.9601,0.1804,1.0,0.0,0.1804,0.1373,0.0,FFD1DC,Pastel Pink
179,158,181,0.8188,0.1271,0.7098,0.011,0.1271,0.0,0.2902,B39EB5,Pastel Purple
255,105,97,0.0084,0.6196,1.0,0.0,0.5882,0.6196,0.0,FF6961,Pastel Red
203,153,201,0.84,0.2463,0.7961,0.0,0.2463,0.0099,0.2039,CB99C9,Pastel Violet
253,253,150,0.1667,0.4071,0.9922,0.0,0.0,0.4071,0.0078,FDFD96,Pastel Yellow
128,0,128,0.8333,1.0,0.502,0.0,1.0,0.0,0.498,800080,Patriarch
83,104,120,0.5721,0.3083,0.4706,0.3083,0.1333,0.0,0.5294,536878,Payne Grey
255,229,180,0.1089,0.2941,1.0,0.0,0.102,0.2941,0.0,FFE5B4,Peach
255,218,185,0.0786,0.2745,1.0,0.0,0.1451,0.2745,0.0,FFDAB9,Peach Puff
250,223,173,0.1082,0.308,0.9804,0.0,0.108,0.308,0.0196,FADFAD,Peach Yellow
209,226,49,0.1827,0.7832,0.8863,0.0752,0.0,0.7832,0.1137,D1E231,Pear
234,224,200,0.1176,0.1453,0.9176,0.0,0.0427,0.1453,0.0824,EAE0C8,Pearl
136,216,192,0.45,0.3704,0.8471,0.3704,0.0,0.1111,0.1529,88D8C0,Pearl Aqua
230,226,0,0.1638,1.0,0.902,0.0,0.0174,1.0,0.098,E6E200,Peridot
204,204,255,0.6667,0.2,1.0,0.2,0.2,0.0,0.0,CCCCFF,Periwinkle
28,57,187,0.6363,0.8503,0.7333,0.8503,0.6952,0.0,0.2667,1C39BB,Persian Blue
50,18,122,0.7179,0.8525,0.4784,0.5902,0.8525,0.0,0.5216,32127A,Persian Indigo
217,144,88,0.0724,0.5945,0.851,0.0,0.3364,0.5945,0.149,D99058,Persian Orange
247,127,190,0.9125,0.4858,0.9686,0.0,0.4858,0.2308,0.0314,F77FBE,Persian Pink
112,28,28,0.0,0.75,0.4392,0.0,0.75,0.75,0.5608,701C1C,Persian Plum
204,51,51,0.0,0.75,0.8,0.0,0.75,0.75,0.2,CC3333,Persian Red
254,40,162,0.905,0.8425,0.9961,0.0,0.8425,0.3622,0.0039,FE28A2,Persian Rose
223,0,255,0.8124,1.0,1.0,0.1255,1.0,0.0,0.0,DF00FF,Phlox
0,15,137,0.6484,1.0,0.5373,1.0,0.8905,0.0,0.4627,000F89,Phthalo Blue
18,53,36,0.419,0.6604,0.2078,0.6604,0.0,0.3208,0.7922,123524,Phthalo Green
253,221,230,0.9531,0.1265,0.9922,0.0,0.1265,0.0909,0.0078,FDDDE6,Piggy Pink
1,121,111,0.4861,0.9917,0.4745,0.9917,0.0,0.0826,0.5255,01796F,Pine Green
255,192,203,0.9709,0.2471,1.0,0.0,0.2471,0.2039,0.0,FFC0CB,Pink
252,116,253,0.8321,0.5415,0.9922,0.004,0.5415,0.0,0.0078,FC74FD,Pink Flamingo
247,143,167,0.9615,0.4211,0.9686,0.0,0.4211,0.3239,0.0314,F78FA7,Pink Sherbet
231,172,207,0.9011,0.2554,0.9059,0.0,0.2554,0.1039,0.0941,E7ACCF,Pink Pearl
147,197,114,0.2671,0.4213,0.7725,0.2538,0.0,0.4213,0.2275,93C572,Pistachio
229,228,226,0.1111,0.0131,0.898,0.0,0.0044,0.0131,0.102,E5E4E2,Platinum
221,160,221,0.8333,0.276,0.8667,0.0,0.276,0.0,0.1333,DDA0DD,Plum
255,90,54,0.0299,0.7882,1.0,0.0,0.6471,0.7882,0.0,FF5A36,Portland Orange
176,224,230,0.5185,0.2348,0.902,0.2348,0.0261,0.0,0.098,B0E0E6,Powder Blue
255,143,0,0.0935,1.0,1.0,0.0,0.4392,1.0,0.0,FF8F00,Princeton Orange
0,49,83,0.5683,1.0,0.3255,1.0,0.4096,0.0,0.6745,003153,Prussian Blue
223,0,255,0.8124,1.0,1.0,0.1255,1.0,0.0,0.0,DF00FF,Psychedelic Purple
204,136,153,0.9583,0.3333,0.8,0.0,0.3333,0.25,0.2,CC8899,Puce
255,117,24,0.0671,0.9059,1.0,0.0,0.5412,0.9059,0.0,FF7518,Pumpkin
128,0,128,0.8333,1.0,0.502,0.0,1.0,0.0,0.498,800080,Purple
105,53,156,0.7508,0.6603,0.6118,0.3269,0.6603,0.0,0.3882,69359C,Purple Heart
157,129,186,0.7485,0.3065,0.7294,0.1559,0.3065,0.0,0.2706,9D81BA,Purple Mountain'S Majesty
150,120,182,0.7473,0.3407,0.7137,0.1758,0.3407,0.0,0.2863,9678B6,Purple Mountain Majesty
254,78,218,0.8674,0.6929,0.9961,0.0,0.6929,0.1417,0.0039,FE4EDA,Purple Pizzazz
80,64,77,0.8646,0.2,0.3137,0.0,0.2,0.0375,0.6863,50404D,Purple Taupe
93,138,168,0.5667,0.4464,0.6588,0.4464,0.1786,0.0,0.3412,5D8AA8,Rackley
255,53,94,0.9662,0.7922,1.0,0.0,0.7922,0.6314,0.0,FF355E,Radical Red
227,11,93,0.9367,0.9515,0.8902,0.0,0.9515,0.5903,0.1098,E30B5D,Raspberry
145,95,109,0.9533,0.3448,0.5686,0.0,0.3448,0.2483,0.4314,915F6D,Raspberry Glace
226,80,152,0.9178,0.646,0.8863,0.0,0.646,0.3274,0.1137,E25098,Raspberry Pink
179,68,108,0.9399,0.6201,0.702,0.0,0.6201,0.3966,0.298,B3446C,Raspberry Rose
214,138,89,0.0653,0.5841,0.8392,0.0,0.3551,0.5841,0.1608,D68A59,Raw Sienna
255,51,204,0.875,0.8,1.0,0.0,0.8,0.2,0.0,FF33CC,Razzle Dazzle Rose
227,37,107,0.9386,0.837,0.8902,0.0,0.837,0.5286,0.1098,E3256B,Razzmatazz
255,0,0,0.0,1.0,1.0,0.0,1.0,1.0,0.0,FF0000,Red
255,83,73,0.0092,0.7137,1.0,0.0,0.6745,0.7137,0.0,FF5349,Red Orange
165,42,42,0.0,0.7455,0.6471,0.0,0.7455,0.7455,0.3529,A52A2A,Red Brown
199,21,133,0.8951,0.8945,0.7804,0.0,0.8945,0.3317,0.2196,C71585,Red Violet
0,64,64,0.5,1.0,0.251,1.0,0.0,0.0,0.749,004040,Rich Black
215,0,64,0.9504,1.0,0.8431,0.0,1.0,0.7023,0.1569,D70040,Rich Carmine
8,146,208,0.5517,0.9615,0.8157,0.9615,0.2981,0.0,0.1843,0892D0,Rich Electric Blue
182,102,210,0.7901,0.5143,0.8235,0.1333,0.5143,0.0,0.1765,B666D2,Rich Lilac
176,48,96,0.9375,0.7273,0.6902,0.0,0.7273,0.4545,0.3098,B03060,Rich Maroon
65,72,51,0.2222,0.2917,0.2824,0.0972,0.0,0.2917,0.7176,414833,Rifle Green
31,206,203,0.4971,0.8495,0.8078,0.8495,0.0,0.0146,0.1922,1FCECB,Robin'S Egg Blue
255,0,127,0.917,1.0,1.0,0.0,1.0,0.502,0.0,FF007F,Rose
249,66,158,0.9162,0.7349,0.9765,0.0,0.7349,0.3655,0.0235,F9429E,Rose Bonbon
103,72,70,0.0101,0.3204,0.4039,0.0,0.301,0.3204,0.5961,674846,Rose Ebony
183,110,121,0.9749,0.3989,0.7176,0.0,0.3989,0.3388,0.2824,B76E79,Rose Gold
227,38,54,0.9859,0.8326,0.8902,0.0,0.8326,0.7621,0.1098,E32636,Rose Madder
255,102,204,0.8889,0.6,1.0,0.0,0.6,0.2,0.0,FF66CC,Rose Pink
170,152,169,0.8426,0.1059,0.6667,0.0,0.1059,0.0059,0.3333,AA98A9,Rose Quartz
144,93,93,0.0,0.3542,0.5647,0.0,0.3542,0.3542,0.4353,905D5D,Rose Taupe
171,78,82,0.9928,0.5439,0.6706,0.0,0.5439,0.5205,0.3294,AB4E52,Rose Vale
101,0,11,0.9818,1.0,0.3961,0.0,1.0,0.8911,0.6039,65000B,Rosewood
212,0,0,0.0,1.0,0.8314,0.0,1.0,1.0,0.1686,D40000,Rosso Corsa
188,143,143,0.0,0.2394,0.7373,0.0,0.2394,0.2394,0.2627,BC8F8F,Rosy Brown
0,56,168,0.6111,1.0,0.6588,1.0,0.6667,0.0,0.3412,0038A8,Royal Azure
65,105,225,0.625,0.7111,0.8824,0.7111,0.5333,0.0,0.1176,4169E1,Royal Blue
202,44,146,0.8924,0.7822,0.7922,0.0,0.7822,0.2772,0.2078,CA2C92,Royal Fuchsia
120,81,169,0.7405,0.5207,0.6627,0.2899,0.5207,0.0,0.3373,7851A9,Royal Purple
224,17,95,0.9372,0.9241,0.8784,0.0,0.9241,0.5759,0.1216,E0115F,Ruby
255,0,40,0.9739,1.0,1.0,0.0,1.0,0.8431,0.0,FF0028,Ruddy
187,101,40,0.0692,0.7861,0.7333,0.0,0.4599,0.7861,0.2667,BB6528,Ruddy Brown
225,142,150,0.9839,0.3689,0.8824,0.0,0.3689,0.3333,0.1176,E18E96,Ruddy Pink
168,28,7,0.0217,0.9583,0.6588,0.0,0.8333,0.9583,0.3412,A81C07,Rufous
128,70,27,0.071,0.7891,0.502,0.0,0.4531,0.7891,0.498,80461B,Russet
183,65,14,0.0503,0.9235,0.7176,0.0,0.6448,0.9235,0.2824,B7410E,Rust
0,86,63,0.4554,1.0,0.3373,1.0,0.0,0.2674,0.6627,00563F,Sacramento State Green
139,69,19,0.0694,0.8633,0.5451,0.0,0.5036,0.8633,0.4549,8B4513,Saddle Brown
255,103,0,0.0673,1.0,1.0,0.0,0.5961,1.0,0.0,FF6700,Safety Orange
244,196,48,0.1259,0.8033,0.9569,0.0,0.1967,0.8033,0.0431,F4C430,Saffron
35,41,122,0.6552,0.7131,0.4784,0.7131,0.6639,0.0,0.5216,23297A,Saint Patrick Blue
255,140,105,0.0389,0.5882,1.0,0.0,0.451,0.5882,0.0,FF8C69,Salmon
255,145,164,0.9712,0.4314,1.0,0.0,0.4314,0.3569,0.0,FF91A4,Salmon Pink
194,178,128,0.1263,0.3402,0.7608,0.0,0.0825,0.3402,0.2392,C2B280,Sand
150,113,23,0.1181,0.8467,0.5882,0.0,0.2467,0.8467,0.4118,967117,Sand Dune
236,213,64,0.1444,0.7288,0.9255,0.0,0.0975,0.7288,0.0745,ECD540,Sandstorm
244,164,96,0.0766,0.6066,0.9569,0.0,0.3279,0.6066,0.0431,F4A460,Sandy Brown
150,113,23,0.1181,0.8467,0.5882,0.0,0.2467,0.8467,0.4118,967117,Sandy Taupe
80,125,42,0.257,0.664,0.4902,0.36,0.0,0.664,0.5098,507D2A,Sap Green
15,82,186,0.6014,0.9194,0.7294,0.9194,0.5591,0.0,0.2706,0F52BA,Sapphire
203,161,53,0.12,0.7389,0.7961,0.0,0.2069,0.7389,0.2039,CBA135,Satin Sheen Gold
255,36,0,0.0235,1.0,1.0,0.0,0.8588,1.0,0.0,FF2400,Scarlet
255,216,0,0.1412,1.0,1.0,0.0,0.1529,1.0,0.0,FFD800,School Bus Yellow
118,255,122,0.3382,0.5373,1.0,0.5373,0.0,0.5216,0.0,76FF7A,Screamin Green
0,105,148,0.5484,1.0,0.5804,1.0,0.2905,0.0,0.4196,006994,Sea Blue
46,139,87,0.4068,0.6691,0.5451,0.6691,0.0,0.3741,0.4549,2E8B57,Sea Green
50,20,20,0.0,0.6,0.1961,0.0,0.6,0.6,0.8039,321414,Seal Brown
255,245,238,0.0686,0.0667,1.0,0.0,0.0392,0.0667,0.0,FFF5EE,Seashell
255,186,0,0.1216,1.0,1.0,0.0,0.2706,1.0,0.0,FFBA00,Selective Yellow
112,66,20,0.0833,0.8214,0.4392,0.0,0.4107,0.8214,0.5608,704214,Sepia
138,121,93,0.1037,0.3261,0.5412,0.0,0.1232,0.3261,0.4588,8A795D,Shadow
69,206,162,0.4465,0.665,0.8078,0.665,0.0,0.2136,0.1922,45CEA2,Shamrock
0,158,96,0.4346,1.0,0.6196,1.0,0.0,0.3924,0.3804,009E60,Shamrock Green
252,15,192,0.8755,0.9405,0.9882,0.0,0.9405,0.2381,0.0118,FC0FC0,Shocking Pink
136,45,23,0.0324,0.8309,0.5333,0.0,0.6691,0.8309,0.4667,882D17,Sienna
192,192,192,0.0,0.0,0.7529,0.0,0.0,0.0,0.2471,C0C0C0,Silver
203,65,11,0.0469,0.9458,0.7961,0.0,0.6798,0.9458,0.2039,CB410B,Sinopia
0,116,116,0.5,1.0,0.4549,1.0,0.0,0.0,0.5451,007474,Skobeloff
135,206,235,0.5483,0.4255,0.9216,0.4255,0.1234,0.0,0.0784,87CEEB,Sky Blue
207,113,175,0.8901,0.4541,0.8118,0.0,0.4541,0.1546,0.1882,CF71AF,Sky Magenta
106,90,205,0.6899,0.561,0.8039,0.4829,0.561,0.0,0.1961,6A5ACD,Slate Blue
112,128,144,0.5833,0.2222,0.5647,0.2222,0.1111,0.0,0.4353,708090,Slate Gray
0,51,153,0.6111,1.0,0.6,1.0,0.6667,0.0,0.4,003399,Smalt
147,61,65,0.9922,0.585,0.5765,0.0,0.585,0.5578,0.4235,933D41,Smokey Topaz
16,12,8,0.0833,0.5,0.0627,0.0,0.25,0.5,0.9373,100C08,Smoky Black
255,250,250,0.0,0.0196,1.0,0.0,0.0196,0.0196,0.0,FFFAFA,Snow
15,192,252,0.5422,0.9405,0.9882,0.9405,0.2381,0.0,0.0118,0FC0FC,Spiro Disco Ball
167,252,0,0.2229,1.0,0.9882,0.3373,0.0,1.0,0.0118,A7FC00,Spring Bud
0,255,127,0.4163,1.0,1.0,1.0,0.0,0.502,0.0,00FF7F,Spring Green
70,130,180,0.5758,0.6111,0.7059,0.6111,0.2778,0.0,0.2941,4682B4,Steel Blue
250,218,94,0.1325,0.624,0.9804,0.0,0.128,0.624,0.0196,FADA5E,Stil De Grain Yellow
153,0,0,0.0,1.0,0.6,0.0,1.0,1.0,0.4,990000,Stizza
0,128,128,0.5,1.0,0.502,1.0,0.0,0.0,0.498,008080,Stormcloud
228,217,111,0.151,0.5132,0.8941,0.0,0.0482,0.5132,0.1059,E4D96F,Straw
255,204,51,0.125,0.8,1.0,0.0,0.2,0.8,0.0,FFCC33,Sunglow
250,214,165,0.0961,0.34,0.9804,0.0,0.144,0.34,0.0196,FAD6A5,Sunset
253,94,83,0.0108,0.6719,0.9922,0.0,0.6285,0.6719,0.0078,FD5E53,Sunset Orange
210,180,140,0.0952,0.3333,0.8235,0.0,0.1429,0.3333,0.1765,D2B48C,Tan
249,77,0,0.0515,1.0,0.9765,0.0,0.6908,1.0,0.0235,F94D00,Tangelo
242,133,0,0.0916,1.0,0.949,0.0,0.4504,1.0,0.051,F28500,Tangerine
255,204,0,0.1333,1.0,1.0,0.0,0.2,1.0,0.0,FFCC00,Tangerine Yellow
72,60,50,0.0758,0.3056,0.2824,0.0,0.1667,0.3056,0.7176,483C32,Taupe
139,133,137,0.8889,0.0432,0.5451,0.0,0.0432,0.0144,0.4549,8B8589,Taupe Gray
205,87,0,0.0707,1.0,0.8039,0.0,0.5756,1.0,0.1961,CD5700,Tawny
208,240,192,0.2778,0.2,0.9412,0.1333,0.0,0.2,0.0588,D0F0C0,Tea Green
244,194,194,0.0,0.2049,0.9569,0.0,0.2049,0.2049,0.0431,F4C2C2,Tea Rose
0,128,128,0.5,1.0,0.502,1.0,0.0,0.0,0.498,008080,Teal
54,117,136,0.5386,0.6029,0.5333,0.6029,0.1397,0.0,0.4667,367588,Teal Blue
0,109,91,0.4725,1.0,0.4275,1.0,0.0,0.1651,0.5725,006D5B,Teal Green
226,114,91,0.0284,0.5973,0.8863,0.0,0.4956,0.5973,0.1137,E2725B,Terra Cotta
216,191,216,0.8333,0.1157,0.8471,0.0,0.1157,0.0,0.1529,D8BFD8,Thistle
222,111,161,0.9249,0.5,0.8706,0.0,0.5,0.2748,0.1294,DE6FA1,Thulian Pink
252,137,172,0.9493,0.4563,0.9882,0.0,0.4563,0.3175,0.0118,FC89AC,Tickle Me Pink
10,186,181,0.4953,0.9462,0.7294,0.9462,0.0,0.0269,0.2706,0ABAB5,Tiffany Blue
224,141,60,0.0823,0.7321,0.8784,0.0,0.3705,0.7321,0.1216,E08D3C,Tiger Eye
219,215,210,0.0926,0.0411,0.8588,0.0,0.0183,0.0411,0.1412,DBD7D2,Timberwolf
238,230,0,0.1611,1.0,0.9333,0.0,0.0336,1.0,0.0667,EEE600,Titanium Yellow
255,99,71,0.0254,0.7216,1.0,0.0,0.6118,0.7216,0.0,FF6347,Tomato
116,108,192,0.6825,0.4375,0.7529,0.3958,0.4375,0.0,0.2471,746CC0,Toolbox
255,200,124,0.0967,0.5137,1.0,0.0,0.2157,0.5137,0.0,FFC87C,Topaz
253,14,53,0.9728,0.9447,0.9922,0.0,0.9447,0.7905,0.0078,FD0E35,Tractor Red
128,128,128,0.0,0.0,0.502,0.0,0.0,0.0,0.498,808080,Trolley Grey
0,117,94,0.4672,1.0,0.4588,1.0,0.0,0.1966,0.5412,00755E,Tropical Rain Forest
0,115,207,0.5741,1.0,0.8118,1.0,0.4444,0.0,0.1882,0073CF,True Blue
65,125,193,0.5885,0.6632,0.7569,0.6632,0.3523,0.0,0.2431,417DC1,Tufts Blue
222,170,136,0.0659,0.3874,0.8706,0.0,0.2342,0.3874,0.1294,DEAA88,Tumbleweed
181,114,129,0.9627,0.3702,0.7098,0.0,0.3702,0.2873,0.2902,B57281,Turkish Rose
48,213,200,0.4869,0.7746,0.8353,0.7746,0.0,0.061,0.1647,30D5C8,Turquoise
0,255,239,0.4895,1.0,1.0,1.0,0.0,0.0627,0.0,00FFEF,Turquoise Blue
160,214,180,0.3951,0.2523,0.8392,0.2523,0.0,0.1589,0.1608,A0D6B4,Turquoise Green
102,66,77,0.9491,0.3529,0.4,0.0,0.3529,0.2451,0.6,66424D,Tuscan Red
138,73,107,0.9128,0.471,0.5412,0.0,0.471,0.2246,0.4588,8A496B,Twilight Lavender
102,2,60,0.9033,0.9804,0.4,0.0,0.9804,0.4118,0.6,66023C,Tyrian Purple
0,51,170,0.6167,1.0,0.6667,1.0,0.7,0.0,0.3333,0033AA,Ua Blue
217,0,76,0.9416,1.0,0.851,0.0,1.0,0.6498,0.149,D9004C,Ua Red
83,104,149,0.6136,0.443,0.5843,0.443,0.302,0.0,0.4157,536895,Ucla Blue
255,179,0,0.117,1.0,1.0,0.0,0.298,1.0,0.0,FFB300,Ucla Gold
60,208,112,0.3919,0.7115,0.8157,0.7115,0.0,0.4615,0.1843,3CD070,Ufo Green
1,68,33,0.4129,0.9853,0.2667,0.9853,0.0,0.5147,0.7333,014421,Up Forest Green
123,17,19,0.9969,0.8618,0.4824,0.0,0.8618,0.8455,0.5176,7B1113,Up Maroon
153,0,0,0.0,1.0,0.6,0.0,1.0,1.0,0.4,990000,Usc Cardinal
255,204,0,0.1333,1.0,1.0,0.0,0.2,1.0,0.0,FFCC00,Usc Gold
136,120,195,0.7022,0.3846,0.7647,0.3026,0.3846,0.0,0.2353,8878C3,Ube
255,111,255,0.8333,0.5647,1.0,0.0,0.5647,0.0,0.0,FF6FFF,Ultra Pink
18,10,143,0.6767,0.9301,0.5608,0.8741,0.9301,0.0,0.4392,120A8F,Ultramarine
65,102,245,0.6324,0.7347,0.9608,0.7347,0.5837,0.0,0.0392,4166F5,Ultramarine Blue
99,81,71,0.0595,0.2828,0.3882,0.0,0.1818,0.2828,0.6118,635147,Umber
91,146,229,0.6002,0.6026,0.898,0.6026,0.3624,0.0,0.102,5B92E5,United Nations Blue
183,135,39,0.1111,0.7869,0.7176,0.0,0.2623,0.7869,0.2824,B78727,University Of California Gold
255,255,102,0.1667,0.6,1.0,0.0,0.0,0.6,0.0,FFFF66,Unmellow Yellow
174,32,41,0.9894,0.8161,0.6824,0.0,0.8161,0.7644,0.3176,AE2029,Upsdell Red
225,173,33,0.1215,0.8533,0.8824,0.0,0.2311,0.8533,0.1176,E1AD21,Urobilin
211,0,63,0.9502,1.0,0.8275,0.0,1.0,0.7014,0.1725,D3003F,Utah Crimson
243,229,171,0.1343,0.2963,0.9529,0.0,0.0576,0.2963,0.0471,F3E5AB,Vanilla
197,179,88,0.1391,0.5533,0.7725,0.0,0.0914,0.5533,0.2275,C5B358,Vegas Gold
200,8,21,0.9887,0.96,0.7843,0.0,0.96,0.895,0.2157,C80815,Venetian Red
67,179,174,0.4926,0.6257,0.702,0.6257,0.0,0.0279,0.298,43B3AE,Verdigris
227,66,52,0.0133,0.7709,0.8902,0.0,0.7093,0.7709,0.1098,E34234,Vermilion
160,32,240,0.7692,0.8667,0.9412,0.3333,0.8667,0.0,0.0588,A020F0,Veronica
238,130,238,0.8333,0.4538,0.9333,0.0,0.4538,0.0,0.0667,EE82EE,Violet
50,74,178,0.6354,0.7191,0.698,0.7191,0.5843,0.0,0.302,324AB2,Violet Blue
247,83,148,0.9339,0.664,0.9686,0.0,0.664,0.4008,0.0314,F75394,Violet Red
64,130,109,0.447,0.5077,0.5098,0.5077,0.0,0.1615,0.4902,40826D,Viridian
146,39,36,0.0045,0.7534,0.5725,0.0,0.7329,0.7534,0.4275,922724,Vivid Auburn
159,29,53,0.9692,0.8176,0.6235,0.0,0.8176,0.6667,0.3765,9F1D35,Vivid Burgundy
218,29,129,0.9118,0.867,0.8549,0.0,0.867,0.4083,0.1451,DA1D81,Vivid Cerise
255,160,137,0.0325,0.4627,1.0,0.0,0.3725,0.4627,0.0,FFA089,Vivid Tangerine
159,0,255,0.7706,1.0,1.0,0.3765,1.0,0.0,0.0,9F00FF,Vivid Violet
0,66,66,0.5,1.0,0.2588,1.0,0.0,0.0,0.7412,004242,Warm Black
0,255,255,0.5,1.0,1.0,1.0,0.0,0.0,0.0,00FFFF,Waterspout
100,84,82,0.0185,0.18,0.3922,0.0,0.16,0.18,0.6078,645452,Wenge
245,222,179,0.1086,0.2694,0.9608,0.0,0.0939,0.2694,0.0392,F5DEB3,Wheat
255,255,255,0.0,0.0,1.0,0.0,0.0,0.0,0.0,FFFFFF,White
245,245,245,0.0,0.0,0.9608,0.0,0.0,0.0,0.0392,F5F5F5,White Smoke
255,67,164,0.914,0.7373,1.0,0.0,0.7373,0.3569,0.0,FF43A4,Wild Strawberry
252,108,133,0.9711,0.5714,0.9882,0.0,0.5714,0.4722,0.0118,FC6C85,Wild Watermelon
162,173,208,0.6268,0.2212,0.8157,0.2212,0.1683,0.0,0.1843,A2ADD0,Wild Blue Yonder
114,47,55,0.9801,0.5877,0.4471,0.0,0.5877,0.5175,0.5529,722F37,Wine
201,160,220,0.7806,0.2727,0.8627,0.0864,0.2727,0.0,0.1373,C9A0DC,Wisteria
115,134,120,0.3772,0.1418,0.5255,0.1418,0.0,0.1045,0.4745,738678,Xanadu
15,77,146,0.5878,0.8973,0.5725,0.8973,0.4726,0.0,0.4275,0F4D92,Yale Blue
255,255,0,0.1667,1.0,1.0,0.0,0.0,1.0,0.0,FFFF00,Yellow
255,174,66,0.0952,0.7412,1.0,0.0,0.3176,0.7412,0.0,FFAE42,Yellow Orange
154,205,50,0.2215,0.7561,0.8039,0.2488,0.0,0.7561,0.1961,9ACD32,Yellow Green
0,20,168,0.6468,1.0,0.6588,1.0,0.881,0.0,0.3412,0014A8,Zaffre
44,22,8,0.0648,0.8182,0.1725,0.0,0.5,0.8182,0.8275,2C1608,Zinnwaldite Brown


